{
  "name": "ONUR Complete Skin",
  "version": "1.0",
  "author": "ONUR",
  "description": "28 bileşen için kapsamlı skin paketi",
  "atlas": "skin.png",
  "elements": {
  "Button": {
    "Normal": { "rect": "0,0,100,32", "margin": "8,8,8,8" },
    "Hover": { "rect": "100,0,100,32", "margin": "8,8,8,8" },
    "Pressed": { "rect": "200,0,100,32", "margin": "8,8,8,8" },
    "Disabled": { "rect": "300,0,100,32", "margin": "8,8,8,8" }
  },

  "CropButton": {
    "Normal": { "rect": "0,32,64,64", "margin": "0,0,0,0" },
    "Hover": { "rect": "64,32,64,64", "margin": "0,0,0,0" },
    "Pressed": { "rect": "128,32,64,64", "margin": "0,0,0,0" }
  },

  "SystemButton": {
    "Close_Normal": { "rect": "0,96,32,32", "margin": "0,0,0,0" },
    "Close_Hover": { "rect": "32,96,32,32", "margin": "0,0,0,0" },
    "Close_Pressed": { "rect": "64,96,32,32", "margin": "0,0,0,0" },
    "Minimize_Normal": { "rect": "96,96,32,32", "margin": "0,0,0,0" },
    "Minimize_Hover": { "rect": "128,96,32,32", "margin": "0,0,0,0" },
    "Minimize_Pressed": { "rect": "160,96,32,32", "margin": "0,0,0,0" },
    "Maximize_Normal": { "rect": "192,96,32,32", "margin": "0,0,0,0" },
    "Maximize_Hover": { "rect": "224,96,32,32", "margin": "0,0,0,0" },
    "Maximize_Pressed": { "rect": "256,96,32,32", "margin": "0,0,0,0" }
  },

  "ToggleButton": {
    "Track_Off": { "rect": "0,128,60,30", "margin": "15,8,15,8" },
    "Track_On": { "rect": "60,128,60,30", "margin": "15,8,15,8" },
    "Thumb": { "rect": "120,128,26,26", "margin": "0,0,0,0" }
  },

  "IconButton": {
    "Normal": { "rect": "0,158,120,40", "margin": "8,8,8,8" },
    "Hover": { "rect": "120,158,120,40", "margin": "8,8,8,8" },
    "Pressed": { "rect": "240,158,120,40", "margin": "8,8,8,8" }
  },

  "CheckBox": {
    "Unchecked": { "rect": "0,198,20,20", "margin": "0,0,0,0" },
    "Checked": { "rect": "20,198,20,20", "margin": "0,0,0,0" },
    "Grayed": { "rect": "40,198,20,20", "margin": "0,0,0,0" }
  },

  "RadioButton": {
    "Unchecked": { "rect": "60,198,20,20", "margin": "0,0,0,0" },
    "Checked": { "rect": "80,198,20,20", "margin": "0,0,0,0" }
  },

  "FloatingButton": {
    "Normal": { "rect": "0,218,56,56", "margin": "0,0,0,0" },
    "Hover": { "rect": "56,218,56,56", "margin": "0,0,0,0" },
    "Pressed": { "rect": "112,218,56,56", "margin": "0,0,0,0" }
  },

  "SplitButton": {
    "Main_Normal": { "rect": "0,274,90,32", "margin": "8,8,0,8" },
    "Main_Hover": { "rect": "90,274,90,32", "margin": "8,8,0,8" },
    "Main_Pressed": { "rect": "180,274,90,32", "margin": "8,8,0,8" },
    "Dropdown_Normal": { "rect": "270,274,30,32", "margin": "0,8,8,8" },
    "Dropdown_Hover": { "rect": "300,274,30,32", "margin": "0,8,8,8" },
    "Dropdown_Pressed": { "rect": "330,274,30,32", "margin": "0,8,8,8" }
  },

  "SegmentedButton": {
    "Background": { "rect": "0,306,200,40", "margin": "8,8,8,8" },
    "Selected": { "rect": "200,306,60,36", "margin": "6,6,6,6" }
  },

  "BadgeButton": {
    "Button_Normal": { "rect": "0,346,100,40", "margin": "8,8,8,8" },
    "Button_Hover": { "rect": "100,346,100,40", "margin": "8,8,8,8" },
    "Button_Pressed": { "rect": "200,346,100,40", "margin": "8,8,8,8" }
  },

  "RippleButton": {
    "Normal": { "rect": "0,386,120,40", "margin": "8,8,8,8" },
    "Hover": { "rect": "120,386,120,40", "margin": "8,8,8,8" },
    "Pressed": { "rect": "240,386,120,40", "margin": "8,8,8,8" }
  },

  "Panel": {
    "Background": { "rect": "0,426,200,150", "margin": "10,10,10,10" },
    "Caption": { "rect": "200,426,200,30", "margin": "5,5,5,5" }
  },

  "GroupBox": {
    "Border": { "rect": "0,576,200,150", "margin": "10,30,10,10" },
    "CheckBox_Unchecked": { "rect": "200,576,16,16", "margin": "0,0,0,0" },
    "CheckBox_Checked": { "rect": "216,576,16,16", "margin": "0,0,0,0" }
  },

  "CollapsiblePanel": {
    "Header_Collapsed": { "rect": "0,726,200,40", "margin": "5,5,5,5" },
    "Header_Expanded": { "rect": "200,726,200,40", "margin": "5,5,5,5" },
    "Body": { "rect": "0,766,200,100", "margin": "10,10,10,10" },
    "Icon_Collapsed": { "rect": "200,766,16,16", "margin": "0,0,0,0" },
    "Icon_Expanded": { "rect": "216,766,16,16", "margin": "0,0,0,0" }
  },

  "Card": {
    "Normal": { "rect": "0,866,250,150", "margin": "8,8,8,8" },
    "Hover": { "rect": "250,866,250,150", "margin": "8,8,8,8" }
  },

  "ProgressBar": {
    "Background": { "rect": "0,1016,200,20", "margin": "5,5,5,5" },
    "Fill": { "rect": "0,1036,200,20", "margin": "5,5,5,5" },
    "Marquee": { "rect": "0,1056,50,20", "margin": "5,5,5,5" }
  },

  "LoadingBar": {
    "Background": { "rect": "200,1016,200,4", "margin": "0,0,0,0" },
    "Bar": { "rect": "200,1020,50,4", "margin": "0,0,0,0" }
  },

  "ScrollBar": {
    "Track_Normal": { "rect": "0,1076,200,20", "margin": "5,5,5,5" },
    "Track_Hover": { "rect": "0,1096,200,20", "margin": "5,5,5,5" },
    "Thumb_Normal": { "rect": "200,1076,40,20", "margin": "5,5,5,5" },
    "Thumb_Hover": { "rect": "240,1076,40,20", "margin": "5,5,5,5" },
    "Thumb_Pressed": { "rect": "280,1076,40,20", "margin": "5,5,5,5" },
    "LeftBtn_Normal": { "rect": "0,1116,20,20", "margin": "0,0,0,0" },
    "LeftBtn_Hover": { "rect": "20,1116,20,20", "margin": "0,0,0,0" },
    "LeftBtn_Pressed": { "rect": "40,1116,20,20", "margin": "0,0,0,0" },
    "RightBtn_Normal": { "rect": "60,1116,20,20", "margin": "0,0,0,0" },
    "RightBtn_Hover": { "rect": "80,1116,20,20", "margin": "0,0,0,0" },
    "RightBtn_Pressed": { "rect": "100,1116,20,20", "margin": "0,0,0,0" }
  },

  "SliderBar": {
    "Track": { "rect": "0,1136,200,4", "margin": "2,0,2,0" },
    "Thumb": { "rect": "200,1136,20,20", "margin": "0,0,0,0" }
  },

  "TrackBar": {
    "Track": { "rect": "0,1156,200,4", "margin": "2,0,2,0" },
    "Thumb": { "rect": "200,1156,20,30", "margin": "0,0,0,0" },
    "Tick": { "rect": "220,1156,2,5", "margin": "0,0,0,0" }
  },

  "RangeBar": {
    "Track": { "rect": "0,1186,200,4", "margin": "2,0,2,0" },
    "Range": { "rect": "0,1190,200,4", "margin": "2,0,2,0" },
    "ThumbLow": { "rect": "200,1186,20,20", "margin": "0,0,0,0" },
    "ThumbHigh": { "rect": "220,1186,20,20", "margin": "0,0,0,0" }
  },

  "SwitchBar": {
    "Track_Off": { "rect": "0,1206,60,20", "margin": "10,5,10,5" },
    "Track_On": { "rect": "60,1206,60,20", "margin": "10,5,10,5" },
    "Thumb": { "rect": "120,1206,16,16", "margin": "0,0,0,0" }
  },

  "MeterBar": {
    "Segment_Green": { "rect": "0,1226,10,8", "margin": "0,0,0,0" },
    "Segment_Yellow": { "rect": "10,1226,10,8", "margin": "0,0,0,0" },
    "Segment_Red": { "rect": "20,1226,10,8", "margin": "0,0,0,0" },
    "Segment_Off": { "rect": "30,1226,10,8", "margin": "0,0,0,0" }
  },

  "TimeBar": {
    "Track": { "rect": "0,1234,400,4", "margin": "0,0,0,0" },
    "Buffer": { "rect": "0,1238,400,4", "margin": "0,0,0,0" },
    "Progress": { "rect": "0,1242,400,4", "margin": "0,0,0,0" },
    "Thumb": { "rect": "400,1234,12,12", "margin": "0,0,0,0" }
  },

  "GaugeBar": {
    "Background": { "rect": "0,1246,200,200", "margin": "0,0,0,0" },
    "ValueArc": { "rect": "200,1246,200,200", "margin": "0,0,0,0" },
    "Needle": { "rect": "400,1246,100,100", "margin": "0,0,0,0" }
  },

  "Knob": {
    "Base": { "rect": "0,1446,60,60", "margin": "0,0,0,0" },
    "Indicator": { "rect": "60,1446,4,20", "margin": "0,0,0,0" }
  },

  "ProgressRing": {
    "Background": { "rect": "100,1446,100,100", "margin": "0,0,0,0" },
    "Fill": { "rect": "200,1446,100,100", "margin": "0,0,0,0" }
  },
  
  "listbox": {
      "parts": {
        "background": {
          "rect": "0,0,200,300",
          "margin": "4,4,4,4"
        },
        "item": {
          "rect": "0,300,200,24",
          "margin": "0,0,0,0"
        },
        "item_hover": {
          "rect": "0,324,200,24",
          "margin": "0,0,0,0"
        },
        "item_selected": {
          "rect": "0,348,200,24",
          "margin": "0,0,0,0"
        }
      }
    },
  "checklistbox": {
      "parts": {
        "background": {
          "rect": "200,0,200,300",
          "margin": "4,4,4,4"
        },
        "item": {
          "rect": "200,300,200,24",
          "margin": "0,0,0,0"
        },
        "item_hover": {
          "rect": "200,324,200,24",
          "margin": "0,0,0,0"
        },
        "checkbox_unchecked": {
          "rect": "200,348,16,16",
          "margin": "0,0,0,0"
        },
        "checkbox_checked": {
          "rect": "216,348,16,16",
          "margin": "0,0,0,0"
        },
        "checkbox_grayed": {
          "rect": "232,348,16,16",
          "margin": "0,0,0,0"
        }
      }
    },
	"combobox": {
      "parts": {
        "background": {
          "rect": "400,0,150,30",
          "margin": "4,4,4,4"
        },
        "button_normal": {
          "rect": "400,30,30,30",
          "margin": "2,2,2,2"
        },
        "button_hover": {
          "rect": "430,30,30,30",
          "margin": "2,2,2,2"
        },
        "button_pressed": {
          "rect": "460,30,30,30",
          "margin": "2,2,2,2"
        },
        "dropdown_bg": {
          "rect": "400,60,150,200",
          "margin": "4,4,4,4"
        },
        "dropdown_item": {
          "rect": "400,260,150,24",
          "margin": "0,0,0,0"
        },
        "dropdown_item_hover": {
          "rect": "400,284,150,24",
          "margin": "0,0,0,0"
        }
      }
    },
    
    "columlist": {
      "parts": {
        "background": {
          "rect": "550,0,300,300",
          "margin": "4,4,4,4"
        },
        "item": {
          "rect": "550,300,100,24",
          "margin": "0,0,0,0"
        },
        "item_hover": {
          "rect": "550,324,100,24",
          "margin": "0,0,0,0"
        },
        "item_selected": {
          "rect": "550,348,100,24",
          "margin": "0,0,0,0"
        }
      }
    },
	 "scrollbarv": {
      "parts": {
        "background": {
          "rect": "850,0,20,200",
          "margin": "0,4,0,4"
        },
        "thumb_normal": {
          "rect": "850,200,20,40",
          "margin": "4,4,4,4"
        },
        "thumb_hover": {
          "rect": "850,240,20,40",
          "margin": "4,4,4,4"
        },
        "thumb_pressed": {
          "rect": "850,280,20,40",
          "margin": "4,4,4,4"
        },
        "button_up_normal": {
          "rect": "850,320,20,20",
          "margin": "0,0,0,0"
        },
        "button_up_hover": {
          "rect": "870,320,20,20",
          "margin": "0,0,0,0"
        },
        "button_up_pressed": {
          "rect": "890,320,20,20",
          "margin": "0,0,0,0"
        },
        "button_down_normal": {
          "rect": "850,340,20,20",
          "margin": "0,0,0,0"
        },
        "button_down_hover": {
          "rect": "870,340,20,20",
          "margin": "0,0,0,0"
        },
        "button_down_pressed": {
          "rect": "890,340,20,20",
          "margin": "0,0,0,0"
        }
      }
   },
    
    "imagelist": {
      "parts": {
        "background": {
          "rect": "0,400,250,300",
          "margin": "4,4,4,4"
        },
        "item": {
          "rect": "0,700,250,32",
          "margin": "0,0,0,0"
        },
        "item_hover": {
          "rect": "0,732,250,32",
          "margin": "0,0,0,0"
        },
        "item_selected": {
          "rect": "0,764,250,32",
          "margin": "0,0,0,0"
        }
      }
    },
    
    "treeview": {
      "parts": {
        "background": {
          "rect": "250,400,250,300",
          "margin": "4,4,4,4"
        },
        "item": {
          "rect": "250,700,250,24",
          "margin": "0,0,0,0"
        },
        "item_hover": {
          "rect": "250,724,250,24",
          "margin": "0,0,0,0"
        },
        "item_selected": {
          "rect": "250,748,250,24",
          "margin": "0,0,0,0"
        },
        "expand_collapsed": {
          "rect": "250,772,16,16",
          "margin": "0,0,0,0"
        },
        "expand_expanded": {
          "rect": "266,772,16,16",
          "margin": "0,0,0,0"
        }
      }
    },
    
    "stringgrid": {
      "parts": {
        "background": {
          "rect": "500,400,400,300",
          "margin": "4,4,4,4"
        },
        "cell": {
          "rect": "500,700,64,24",
          "margin": "2,2,2,2"
        },
        "cell_hover": {
          "rect": "500,724,64,24",
          "margin": "2,2,2,2"
        },
        "cell_selected": {
          "rect": "500,748,64,24",
          "margin": "2,2,2,2"
        },
        "fixed_cell": {
          "rect": "500,772,64,24",
          "margin": "2,2,2,2"
        }
      }
    },
    
    "scrollbarh": {
      "parts": {
        "background": {
          "rect": "900,0,200,20",
          "margin": "4,0,4,0"
        },
        "thumb_normal": {
          "rect": "900,20,40,20",
          "margin": "4,4,4,4"
        },
        "thumb_hover": {
          "rect": "940,20,40,20",
          "margin": "4,4,4,4"
        },
        "thumb_pressed": {
          "rect": "980,20,40,20",
          "margin": "4,4,4,4"
        },
        "button_left_normal": {
          "rect": "900,40,20,20",
          "margin": "0,0,0,0"
        },
        "button_left_hover": {
          "rect": "920,40,20,20",
          "margin": "0,0,0,0"
        },
        "button_left_pressed": {
          "rect": "940,40,20,20",
          "margin": "0,0,0,0"
        },
        "button_right_normal": {
          "rect": "900,60,20,20",
          "margin": "0,0,0,0"
        },
        "button_right_hover": {
          "rect": "920,60,20,20",
          "margin": "0,0,0,0"
        },
        "button_right_pressed": {
          "rect": "940,60,20,20",
          "margin": "0,0,0,0"
        }
      }
    },
	"edit": {
      "parts": {
        "normal": {
          "rect": "0,0,200,30",
          "margin": "4,4,4,4"
        },
        "focused": {
          "rect": "0,30,200,30",
          "margin": "4,4,4,4"
        },
        "disabled": {
          "rect": "0,60,200,30",
          "margin": "4,4,4,4"
        },
        "error": {
          "rect": "0,90,200,30",
          "margin": "4,4,4,4"
        }
      }
    },
    
    "memo": {
      "parts": {
        "normal": {
          "rect": "200,0,200,150",
          "margin": "4,4,4,4"
        },
        "focused": {
          "rect": "200,150,200,150",
          "margin": "4,4,4,4"
        },
        "disabled": {
          "rect": "200,300,200,150",
          "margin": "4,4,4,4"
        }
      }
    },
    
    "spinedit": {
      "parts": {
        "background": {
          "rect": "400,0,150,30",
          "margin": "4,4,4,4"
        },
        "button_up_normal": {
          "rect": "400,30,20,15",
          "margin": "2,2,2,2"
        },
        "button_up_hover": {
          "rect": "420,30,20,15",
          "margin": "2,2,2,2"
        },
        "button_up_pressed": {
          "rect": "440,30,20,15",
          "margin": "2,2,2,2"
        },
        "button_down_normal": {
          "rect": "400,45,20,15",
          "margin": "2,2,2,2"
        },
        "button_down_hover": {
          "rect": "420,45,20,15",
          "margin": "2,2,2,2"
        },
        "button_down_pressed": {
          "rect": "440,45,20,15",
          "margin": "2,2,2,2"
        }
      }
    },
    
    "passwordedit": {
      "parts": {
        "background": {
          "rect": "550,0,200,30",
          "margin": "4,4,4,4"
        },
        "toggle_show": {
          "rect": "550,30,24,24",
          "margin": "0,0,0,0"
        },
        "toggle_hide": {
          "rect": "574,30,24,24",
          "margin": "0,0,0,0"
        },
        "strength_weak": {
          "rect": "550,54,200,4",
          "margin": "0,0,0,0"
        },
        "strength_medium": {
          "rect": "550,58,200,4",
          "margin": "0,0,0,0"
        },
        "strength_strong": {
          "rect": "550,62,200,4",
          "margin": "0,0,0,0"
        }
      }
    },
	"pagecontrol": {
    "description": "PageControl (Tab) bileşeni skin tanımları",
    "background": {
      "type": "9slice",
      "x": 0,
      "y": 0,
      "width": 100,
      "height": 100,
      "sliceTop": 5,
      "sliceRight": 5,
      "sliceBottom": 5,
      "sliceLeft": 5
    },
    "tab_normal": {
      "type": "9slice",
      "x": 100,
      "y": 0,
      "width": 100,
      "height": 32,
      "sliceTop": 5,
      "sliceRight": 5,
      "sliceBottom": 0,
      "sliceLeft": 5
    },
    "tab_hover": {
      "type": "9slice",
      "x": 200,
      "y": 0,
      "width": 100,
      "height": 32,
      "sliceTop": 5,
      "sliceRight": 5,
      "sliceBottom": 0,
      "sliceLeft": 5
    },
    "tab_active": {
      "type": "9slice",
      "x": 300,
      "y": 0,
      "width": 100,
      "height": 32,
      "sliceTop": 5,
      "sliceRight": 5,
      "sliceBottom": 0,
      "sliceLeft": 5
    },
    "tab_pressed": {
      "type": "9slice",
      "x": 400,
      "y": 0,
      "width": 100,
      "height": 32,
      "sliceTop": 5,
      "sliceRight": 5,
      "sliceBottom": 0,
      "sliceLeft": 5
    },
    "page_background": {
      "type": "9slice",
      "x": 0,
      "y": 100,
      "width": 100,
      "height": 100,
      "sliceTop": 5,
      "sliceRight": 5,
      "sliceBottom": 5,
      "sliceLeft": 5
    }
  },
  "mainmenu": {
    "description": "MainMenu (Ana menü) bileşeni skin tanımları",
    "item_normal": {
      "type": "9slice",
      "x": 0,
      "y": 200,
      "width": 150,
      "height": 24,
      "sliceTop": 2,
      "sliceRight": 2,
      "sliceBottom": 2,
      "sliceLeft": 2
    },
    "item_hover": {
      "type": "9slice",
      "x": 150,
      "y": 200,
      "width": 150,
      "height": 24,
      "sliceTop": 2,
      "sliceRight": 2,
      "sliceBottom": 2,
      "sliceLeft": 2
    },
    "item_selected": {
      "type": "9slice",
      "x": 300,
      "y": 200,
      "width": 150,
      "height": 24,
      "sliceTop": 2,
      "sliceRight": 2,
      "sliceBottom": 2,
      "sliceLeft": 2
    },
    "item_disabled": {
      "type": "9slice",
      "x": 450,
      "y": 200,
      "width": 150,
      "height": 24,
      "sliceTop": 2,
      "sliceRight": 2,
      "sliceBottom": 2,
      "sliceLeft": 2
    },
    "separator": {
      "type": "stretch",
      "x": 0,
      "y": 224,
      "width": 150,
      "height": 5
    }
  },
  "popupmenu": {
    "description": "PopupMenu (Popup menü) bileşeni skin tanımları",
    "background": {
      "type": "9slice",
      "x": 0,
      "y": 230,
      "width": 200,
      "height": 100,
      "sliceTop": 5,
      "sliceRight": 5,
      "sliceBottom": 5,
      "sliceLeft": 5
    },
    "item_normal": {
      "type": "9slice",
      "x": 200,
      "y": 230,
      "width": 200,
      "height": 24,
      "sliceTop": 2,
      "sliceRight": 2,
      "sliceBottom": 2,
      "sliceLeft": 2
    },
    "item_hover": {
      "type": "9slice",
      "x": 400,
      "y": 230,
      "width": 200,
      "height": 24,
      "sliceTop": 2,
      "sliceRight": 2,
      "sliceBottom": 2,
      "sliceLeft": 2
    },
    "item_selected": {
      "type": "9slice",
      "x": 200,
      "y": 254,
      "width": 200,
      "height": 24,
      "sliceTop": 2,
      "sliceRight": 2,
      "sliceBottom": 2,
      "sliceLeft": 2
    },
    "item_disabled": {
      "type": "9slice",
      "x": 400,
      "y": 254,
      "width": 200,
      "height": 24,
      "sliceTop": 2,
      "sliceRight": 2,
      "sliceBottom": 2,
      "sliceLeft": 2
    },
    "separator": {
      "type": "stretch",
      "x": 0,
      "y": 278,
      "width": 200,
      "height": 5
    },
    "submenu_arrow": {
      "type": "normal",
      "x": 200,
      "y": 278,
      "width": 10,
      "height": 10
    },
    "checkbox_checked": {
      "type": "normal",
      "x": 210,
      "y": 278,
      "width": 12,
      "height": 12
    },
    "checkbox_unchecked": {
      "type": "normal",
      "x": 222,
      "y": 278,
      "width": 12,
      "height": 12
    },
    "radio_checked": {
      "type": "normal",
      "x": 234,
      "y": 278,
      "width": 12,
      "height": 12
    },
    "radio_unchecked": {
      "type": "normal",
      "x": 246,
      "y": 278,
      "width": 12,
      "height": 12
    }
  },
  "contentslider": {
    "background": {
      "x": 0, "y": 0, "width": 100, "height": 100
    },
    "button_left": {
      "x": 100, "y": 0, "width": 30, "height": 30
    },
    "button_right": {
      "x": 130, "y": 0, "width": 30, "height": 30
    }
  },
  "navbar": {
    "background": {
      "x": 0, "y": 100, "width": 100, "height": 40
    },
    "item_normal": {
      "x": 0, "y": 140, "width": 100, "height": 40
    },
    "item_hover": {
      "x": 100, "y": 140, "width": 100, "height": 40
    },
    "item_active": {
      "x": 200, "y": 140, "width": 100, "height": 40
    }
  },
"toast": {
        "parts": {
          "toast_info": { "state": "normal", "color": "#2196F3", "alpha": 255, "radius": 5 },
          "toast_success": { "state": "normal", "color": "#4CAF50", "alpha": 255, "radius": 5 },
          "toast_warning": { "state": "normal", "color": "#FF9800", "alpha": 255, "radius": 5 },
          "toast_error": { "state": "normal", "color": "#F44336", "alpha": 255, "radius": 5 }
        }
      },
      "skeleton": {
        "parts": {
          "background": { "state": "normal", "color": "#E0E0E0", "alpha": 255, "radius": 5 }
        }
      },
      "drawer": {
        "parts": {
          "background": { "state": "normal", "color": "#FFFFFF", "alpha": 255 }
        }
      },
      "breadcrumb": {
        "parts": {
          "background": { "state": "normal", "color": "#FFFFFF", "alpha": 0 }
        }
      },
      "stepper": {
        "parts": {
          "background": { "state": "normal", "color": "#FFFFFF", "alpha": 0 }
        }
      },
      "avatar": {
        "parts": {
          "background": { "state": "normal", "color": "#E0E0E0", "alpha": 255, "radius": 50 }
        }
      },
      "chip": {
        "parts": {
          "background": { "state": "normal", "color": "#E0E0E0", "alpha": 255, "radius": 15 },
          "background_selected": { "state": "selected", "color": "#C8C8FF", "alpha": 255, "radius": 15 }
        }
      },
      "modal": {
        "parts": {
          "background": { "state": "normal", "color": "#FFFFFF", "alpha": 255, "radius": 10 }
        }
      }


  
	
	
	
  }
}
	
  
  
 
