{
  "tables": {	  
    "ayarlar":[{"numarali":"1","tarifeoromanuel":"0","tarifeyazkis":"1","timetable_id":"1","flashyapsin":"1","yazikaysin":"0","sabahnumaralari":"1-19;101-119;201-219","aksamnumaralari":"51-69;151-169;251-269","grup1":"","grup2":"","grup3":"","toplamtursuresi":4800,"aksambaslamasaati":57600,"hat_id":"1","basmakinist1":"HAVVA ÇAKMAK","basmakinist2":"FATİH SEZER","basmakinist3":"UĞUR ALEMDAROĞLU","seflik":"M8 İŞLETME ŞEFLİĞİ","versiyon":"1.0","ekranresmi":"","ekranaresimat":"","ekranaresimatbol":"","ekranresminereye":"","timetablepzt_id":"3","timetablesal_id":"3","timetablecar_id":"3","timetableper_id":"3","timetablecum_id":"3","timetablecmt_id":"2","timetablepzr_id":"1","yon":"ilk","id":"1"}
	],     	
    "cizelge" : [
	{"sirano":"1","sicil":"5771","adi":"Havva ÇAKMAK","gorevi":"KARTAL","g1":"57","g2":"57","g3":"57","g4":"","g5":"","g6":"106","g7":"206","g8":"7","g9":"7","g10":"","g11":"71","g12":"57","g13":"156","g14":"256","g15":"56","g16":"","g17":"","g18":"7","g19":"7","g20":"106","g21":"206","g22":"","g23":"","g24":"56","g25":"56","g26":"56","g27":"156","g28":"","g29":"","g30":"7","g31":"7","silinmis":"0","id":"1"},
	{"sirano":"2","sicil":"5525","adi":"Yunus Emre KARAKAYA","gorevi":"ÇEKMEKÖY","g1":"55","g2":"56","g3":"54","g4":"","g5":"22","g6":"101","g7":"202","g8":"3","g9":"4","g10":"","g11":"72","g12":"52","g13":"153","g14":"251","g15":"55","g16":"","g17":"","g18":"5","g19":"6","g20":"101","g21":"202","g22":"","g23":"","g24":"54","g25":"51","g26":"52","g27":"153","g28":"","g29":"","g30":"3","g31":"4","silinmis":"0","id":"2"},
	{"sirano":"3","sicil":"7065","adi":"Buket AYIRKAN","gorevi":"SULTANBEYLİ","g1":"56","g2":"51","g3":"52","g4":"","g5":"","g6":"102","g7":"203","g8":"4","g9":"5","g10":"73","g11":"","g12":"53","g13":"154","g14":"255","g15":"51","g16":"","g17":"","g18":"6","g19":"1","g20":"102","g21":"203","g22":"","g23":"","g24":"51","g25":"52","g26":"53","g27":"154","g28":"272","g29":"","g30":"4","g31":"5","silinmis":"0","id":"3"},
	{"sirano":"4","sicil":"5769","adi":"Oğuz ORUÇ","gorevi":"SANCAKTEPE","g1":"51","g2":"52","g3":"53","g4":"","g5":"21","g6":"103","g7":"204","g8":"5","g9":"6","g10":"","g11":"74","g12":"54","g13":"155","g14":"254","g15":"52","g16":"","g17":"","g18":"1","g19":"2","g20":"103","g21":"204","g22":"","g23":"","g24":"52","g25":"53","g26":"54","g27":"155","g28":"","g29":"","g30":"5","g31":"6","silinmis":"0","id":"4"},
	{"sirano":"5","sicil":"5833","adi":"Müberra HASTÜRK","gorevi":"SULTANBEYLİ","g1":"52","g2":"53","g3":"Yİ","g4":"Yİ","g5":"Yİ","g6":"Yİ","g7":"","g8":"Yİ","g9":"Yİ","g10":"Yİ","g11":"Yİ","g12":"Yİ","g13":"Yİ","g14":"","g15":"Yİ","g16":"Yİ","g17":"Yİ","g18":"Yİ","g19":"Yİ","g20":"Yİ","g21":"Yİ","g22":"","g23":"","g24":"53","g25":"54","g26":"55","g27":"151","g28":"","g29":"","g30":"6","g31":"1","silinmis":"0","id":"5"},
	{"sirano":"6","sicil":"6745","adi":"Fatma Ece EKMEKÇİ","gorevi":"ÜMRANİYE","g1":"53","g2":"54","g3":"55","g4":"71","g5":"","g6":"104","g7":"205","g8":"6","g9":"56","g10":"","g11":"51","g12":"55","g13":"152","g14":"252","g15":"53","g16":"","g17":"","g18":"2","g19":"3","g20":"104","g21":"205","g22":"","g23":"","g24":"Yİ","g25":"Yİ","g26":"Yİ","g27":"Yİ","g28":"","g29":"","g30":"1","g31":"2","silinmis":"0","id":"6"},
	{"sirano":"7","sicil":"5535","adi":"Abdullah BİLEN","gorevi":"ÇEKMEKÖY","g1":"54","g2":"55","g3":"56","g4":"","g5":"","g6":"105","g7":"201","g8":"1","g9":"52","g10":"56","g11":"","g12":"56","g13":"175","g14":"253","g15":"54","g16":"","g17":"","g18":"3","g19":"4","g20":"105","g21":"201","g22":"","g23":"","g24":"55","g25":"55","g26":"51","g27":"152","g28":"251","g29":"","g30":"2","g31":"3","silinmis":"0","id":"7"},
	{"sirano":"8","sicil":"4861","adi":"Emrah İÇOĞLU","gorevi":"MALTEPE","g1":"71","g2":"72","g3":"73","g4":"","g5":"","g6":"121","g7":"222","g8":"72","g9":"71","g10":"74","g11":"","g12":"74","g13":"171","g14":"272","g15":"73","g16":"","g17":"","g18":"21","g19":"21","g20":"121","g21":"222","g22":"","g23":"","g24":"74","g25":"71","g26":"72","g27":"173","g28":"","g29":"21","g30":"21","g31":"21","silinmis":"0","id":"8"},
	{"sirano":"9","sicil":"7486","adi":"Yaren Kadriye BAYAR","gorevi":"PENDİK","g1":"72","g2":"73","g3":"74","g4":"","g5":"","g6":"Yİ","g7":"223","g8":"22","g9":"R","g10":"72","g11":"","g12":"71","g13":"172","g14":"273","g15":"74","g16":"","g17":"","g18":"73","g19":"74","g20":"171","g21":"271","g22":"","g23":"","g24":"71","g25":"72","g26":"71","g27":"174","g28":"271","g29":" ","g30":"72","g31":"73","silinmis":"0","id":"9"},
	{"sirano":"10","sicil":"6728","adi":"Semra YILDIZ","gorevi":"ÜSKÜDAR","g1":"73","g2":"74","g3":"71","g4":"","g5":"","g6":"123","g7":"221","g8":"73","g9":"74","g10":"71","g11":"","g12":"72","g13":"173","g14":"271","g15":"72","g16":"","g17":"","g18":"DP","g19":"DP","g20":"123","g21":"223","g22":"","g23":"","g24":"72","g25":"73","g26":"74","g27":"175","g28":"","g29":"","g30":"73","g31":"Yİ","silinmis":"0","id":"10"},
	{"sirano":"1","sicil":"5175","adi":"Fatih SEZER","gorevi":"ÜMRANİYE","g1":"7","g2":"","g3":"51","g4":"57","g5":"57","g6":"172","g7":"256","g8":"74","g9":"","g10":"7","g11":"7","g12":"7","g13":"106","g14":"","g15":"","g16":"56","g17":"56","g18":"56","g19":"Yİ","g20":"173","g21":"","g22":"7","g23":"7","g24":"7","g25":"7","g26":"","g27":"","g28":"256","g29":"56","g30":"56","g31":"56","silinmis":"0","id":"11"},
	{"sirano":"2","sicil":"5499","adi":"Cihat SEZER","gorevi":"ÜMRANİYE","g1":"2","g2":"","g3":"","g4":"51","g5":"Yİ","g6":"153","g7":"254","g8":"56","g9":"","g10":"3","g11":"4","g12":"5","g13":"121","g14":"","g15":"","g16":"55","g17":"53","g18":"51","g19":"52","g20":"175","g21":"","g22":"1","g23":"2","g24":"3","g25":"4","g26":"","g27":"121","g28":"253","g29":"54","g30":"55","g31":"54","silinmis":"0","id":"12"},
	{"sirano":"3","sicil":"4896","adi":"Mustafa KACIR","gorevi":"ÜSKÜDAR","g1":"3","g2":"22","g3":"","g4":"52","g5":"53","g6":"154","g7":"255","g8":"","g9":"2","g10":"4","g11":"5","g12":"6","g13":"101","g14":"","g15":"","g16":"52","g17":"51","g18":"52","g19":"53","g20":"","g21":"","g22":"2","g23":"3","g24":"4","g25":"5","g26":"","g27":"","g28":"Yİ","g29":"Yİ","g30":"Yİ","g31":"Yİ","silinmis":"0","id":"13"},
	{"sirano":"4","sicil":"5784","adi":"Erdem KARATAŞ","gorevi":"ÜMRANİYE","g1":"4","g2":"","g3":"21","g4":"53","g5":"54","g6":"155","g7":"251","g8":"","g9":"22","g10":"5","g11":"6","g12":"1","g13":"102","g14":"","g15":"","g16":"51","g17":"52","g18":"53","g19":"54","g20":"","g21":"","g22":"3","g23":"4","g24":"5","g25":"6","g26":"","g27":"","g28":"255","g29":"52","g30":"51","g31":"52","silinmis":"0","id":"14"},
	{"sirano":"5","sicil":"5760","adi":"Emirhan ÖZVEREN","gorevi":"ÜMRANİYE","g1":"Yİ","g2":"","g3":"","g4":"54","g5":"55","g6":"151","g7":"252","g8":"51","g9":"","g10":"6","g11":"1","g12":"2","g13":"103","g14":"","g15":"71","g16":"54","g17":"55","g18":"G","g19":"G","g20":"","g21":"","g22":"4","g23":"5","g24":"6","g25":"1","g26":"","g27":"","g28":"DP1","g29":"51","g30":"52","g31":"53","silinmis":"0","id":"15"},
	{"sirano":"6","sicil":"5741","adi":"Hüseyin MUŞDAL","gorevi":"ÜMRANİYE","g1":"23","g2":"","g3":"","g4":"55","g5":"56","g6":"152","g7":"253","g8":"","g9":"1","g10":"1","g11":"2","g12":"3","g13":"104","g14":"","g15":"","g16":"53","g17":"54","g18":"55","g19":"55","g20":"","g21":"G","g22":"G","g23":"G","g24":"G","g25":"G","g26":"","g27":"","g28":"222","g29":"73","g30":"74","g31":"71","silinmis":"0","id":"16"},
	{"sirano":"7","sicil":"5748","adi":"Hande Nur GÜLTEKİN","gorevi":"ÇEKMEKÖY","g1":"1","g2":"","g3":"","g4":"56","g5":"52","g6":"R","g7":"R","g8":"","g9":"R","g10":"R","g11":"53","g12":"51","g13":"151","g14":"","g15":"","g16":"2","g17":"3","g18":"4","g19":"5","g20":"155","g21":"","g22":"6","g23":"1","g24":"2","g25":"3","g26":"","g27":"","g28":"252","g29":"53","g30":"54","g31":"Yİ","silinmis":"0","id":"17"},
	{"sirano":"8","sicil":"5734","adi":"Osman ATEŞ","gorevi":"ÜMRANİYE","g1":"6","g2":"","g3":"","g4":"74","g5":"51","g6":"173","g7":"273","g8":"71","g9":"","g10":"2","g11":"3","g12":"4","g13":"105","g14":"","g15":"","g16":"74","g17":"71","g18":"54","g19":"73","g20":"","g21":"221","g22":"72","g23":"73","g24":"73","g25":"74","g26":"","g27":"","g28":"254","g29":"55","g30":"53","g31":"51","silinmis":"0","id":"18"},
	{"sirano":"9","sicil":"5478","adi":"Ahmet Reha ŞAHİNKAYA","gorevi":"ÜSKÜDAR","g1":"21","g2":"","g3":"72","g4":"72","g5":"73","g6":"174","g7":"271","g8":"","g9":"21","g10":"22","g11":"21","g12":"73","g13":"174","g14":"","g15":"","g16":"72","g17":"73","g18":"74","g19":"71","g20":"","g21":"","g22":"21","g23":"21","g24":"21","g25":"21","g26":"","g27":"","g28":"G","g29":"G","g30":"G","g31":"G","silinmis":"0","id":"19"},
	{"sirano":"10","sicil":"5165","adi":"Emre UZUN","gorevi":"ÜMRANİYE","g1":"74","g2":"71","g3":"","g4":"73","g5":"74","g6":"175","g7":"DP2","g8":"","g9":"","g10":"21","g11":"22","g12":"21","g13":"122","g14":"221","g15":"","g16":"73","g17":"74","g18":"71","g19":"72","g20":"","g21":"DP2","g22":"5","g23":"6","g24":"1","g25":"2","g26":"","g27":"171","g28":"273","g29":"74","g30":"71","g31":"72","silinmis":"0","id":"20"},
	{"sirano":"1","sicil":"5721","adi":"Uğur ALEMDAROĞLU","gorevi":"ÇEKMEKÖY","g1":"","g2":"7","g3":"Yİ","g4":"7","g5":"7","g6":"156","g7":"","g8":"57","g9":"57","g10":"57","g11":"57","g12":"","g13":"","g14":"206","g15":"7","g16":"7","g17":"7","g18":"","g19":"56","g20":"156","g21":"256","g22":"56","g23":"56","g24":"","g25":"","g26":"7","g27":"106","g28":"206","g29":"7","g30":"","g31":"55","silinmis":"0","id":"21"},
	{"sirano":"2","sicil":"5523","adi":"Özgür Ahmet CİNKİŞ","gorevi":"SANCAKTEPE","g1":"","g2":"1","g3":"7","g4":"3","g5":"4","g6":"","g7":"DP1","g8":"2","g9":"3","g10":"53","g11":"54","g12":"","g13":"","g14":"205","g15":"6","g16":"1","g17":"R","g18":"R","g19":"R","g20":"R","g21":"R","g22":"R","g23":"R","g24":"R","g25":"R","g26":"R","g27":"R","g28":"R","g29":"R","g30":"R","g31":"R","silinmis":"0","id":"22"},
	{"sirano":"3","sicil":"5239","adi":"Resul BÜLBÜL","gorevi":"ÇEKMEKÖY","g1":"","g2":"2","g3":"3","g4":"4","g5":"5","g6":"","g7":"272","g8":"52","g9":"53","g10":"54","g11":"55","g12":"","g13":"","g14":"201","g15":"1","g16":"21","g17":"21","g18":"","g19":"51","g20":"154","g21":"Yİ","g22":"52","g23":"53","g24":"","g25":"","g26":"4","g27":"105","g28":"201","g29":"1","g30":"","g31":"74","silinmis":"0","id":"23"},
	{"sirano":"4","sicil":"5187","adi":"Okan GÜNGÖR","gorevi":"ÇEKMEKÖY","g1":"","g2":"3","g3":"4","g4":"5","g5":"6","g6":"","g7":"","g8":"53","g9":"54","g10":"55","g11":"56","g12":"","g13":"123","g14":"202","g15":"2","g16":"3","g17":"4","g18":"","g19":"","g20":"151","g21":"252","g22":"53","g23":"54","g24":"","g25":"","g26":"5","g27":"101","g28":"202","g29":"2","g30":"","g31":"","silinmis":"0","id":"24"},
	{"sirano":"5","sicil":"5960","adi":"Mücahit Mansur SEKMEN","gorevi":"SULTANBEYLİ","g1":"","g2":"4","g3":"5","g4":"6","g5":"1","g6":"122","g7":"","g8":"54","g9":"55","g10":"R","g11":"R","g12":"","g13":"","g14":"203","g15":"3","g16":"4","g17":"5","g18":"","g19":"","g20":"152","g21":"253","g22":"54","g23":"55","g24":"","g25":"","g26":"6","g27":"102","g28":"203","g29":"3","g30":"","g31":"","silinmis":"0","id":"25"},
	{"sirano":"6","sicil":"5171","adi":"Eyüp Ensar ÇAKMAK","gorevi":"ÇEKMEKÖY","g1":"","g2":"5","g3":"6","g4":"1","g5":"2","g6":"","g7":"","g8":"Yİ","g9":"Yİ","g10":"Yİ","g11":"Yİ","g12":"","g13":"","g14":"204","g15":"4","g16":"5","g17":"6","g18":"","g19":"","g20":"153","g21":"254","g22":"55","g23":"51","g24":"","g25":"","g26":"1","g27":"103","g28":"204","g29":"4","g30":"","g31":"","silinmis":"0","id":"26"},
	{"sirano":"7","sicil":"6890","adi":"Atakan DEMİRKAN","gorevi":"SULTANBEYLİ","g1":"","g2":"6","g3":"1","g4":"2","g5":"3","g6":"171","g7":"","g8":"55","g9":"72","g10":"51","g11":"52","g12":"","g13":"","g14":"222","g15":"5","g16":"6","g17":"1","g18":"","g19":"","g20":"174","g21":"255","g22":"51","g23":"52","g24":"","g25":"","g26":"2","g27":"104","g28":"205","g29":"5","g30":"","g31":"","silinmis":"0","id":"27"},
	{"sirano":"8","sicil":"6222","adi":"ALİ YÜCEL","gorevi":"İÇERENKÖY","g1":"","g2":"21","g3":"22","g4":"22","g5":"71","g6":"","g7":"","g8":"EĞT","g9":"EĞT","g10":"EĞT","g11":"EĞT","g12":"22","g13":"","g14":"DP1","g15":"21","g16":"DP","g17":"DP","g18":"","g19":"","g20":"122","g21":"251","g22":"73","g23":"74","g24":"","g25":"","g26":"21","g27":"122","g28":"223","g29":"6","g30":"","g31":"","silinmis":"0","id":"28"},
	{"sirano":"9","sicil":"6841","adi":"Tuğba Nur KURT","gorevi":"İÇERENKÖY","g1":"","g2":"G","g3":"G","g4":"G","g5":"G","g6":"","g7":"","g8":"DP","g9":"DP","g10":"DP","g11":"DP","g12":"DP","g13":"","g14":"G","g15":"G","g16":"G","g17":"G","g18":"","g19":"","g20":"172","g21":"273","g22":"74","g23":"71","g24":"","g25":"","g26":"22","g27":"123","g28":"221","g29":"72","g30":"","g31":"","silinmis":"0","id":"29"},
	{"sirano":"10","sicil":"6892","adi":"Elif TÜRK","gorevi":"KAYIŞDAĞI","g1":"22","g2":"23","g3":"2","g4":"21","g5":"72","g6":"","g7":"","g8":"21","g9":"73","g10":"52","g11":"73","g12":"","g13":"","g14":"223","g15":"DP","g16":"71","g17":"72","g18":"72","g19":"","g20":"Yİ","g21":"272","g22":"71","g23":"72","g24":"","g25":"","g26":"3","g27":"172","g28":"DP2","g29":"71","g30":"","g31":"","silinmis":"0","id":"30"},
	{"sirano":"1","sicil":"5489","adi":"Halil KOÇKAROĞLU","gorevi":"SANCAKTEPE","g1":"DP","g2":"DP","g3":"DP","g4":"DP","g5":"DP","g6":"","g7":"","g8":"G","g9":"G","g10":"G","g11":"G","g12":"G","g13":"","g14":"","g15":"G","g16":"G","g17":"G","g18":"Yİ","g19":"Yİ","g20":"","g21":"","g22":"G","g23":"G","g24":"G","g25":"G","g26":"G","g27":"","g28":"","g29":"DP","g30":"DP","g31":"DP","silinmis":"0","id":"31"},
	{"sirano":"2","sicil":"5481","adi":"Yunus BERBER","gorevi":"BEYKOZ","g1":"G","g2":"EĞT","g3":"EĞT","g4":"EĞT","g5":"","g6":"","g7":"EĞT","g8":"EĞT","g9":"EĞT","g10":"EĞT","g11":"EĞT","g12":"","g13":"","g14":"DP2","g15":"EĞT","g16":"EĞT","g17":"EĞT","g18":"EĞT","g19":"","g20":"","g21":"DP1","g22":"DP","g23":"DP","g24":"DP","g25":"DP","g26":"DP","g27":"","g28":"","g29":"G","g30":"G","g31":"G","silinmis":"0","id":"32"},
	{"sirano":"3","sicil":"6844","adi":"Tuğba GÜLAYDI","gorevi":"ÜMRANİYE","g1":"5","g2":"","g3":"23","g4":"23","g5":"23","g6":"","g7":"","g8":"23","g9":"23","g10":"23","g11":"23","g12":"23","g13":"","g14":"","g15":"22","g16":"22","g17":"22","g18":"22","g19":"22","g20":"","g21":"","g22":"22","g23":"22","g24":"22","g25":"22","g26":"73","g27":"","g28":"","g29":"22","g30":"22","g31":"22","silinmis":"0","id":"33"},
	{"sirano":"4","sicil":"6660","adi":"Yunus UÇAR","gorevi":"ÜSKÜDAR","g1":"","g2":"EĞT","g3":"EĞT","g4":"EĞT","g5":"","g6":"","g7":"Bİ","g8":"Bİ","g9":"Bİ","g10":"Bİ","g11":"Bİ","g12":"","g13":"","g14":"EĞT","g15":"EĞT","g16":"EĞT","g17":"EĞT","g18":"EĞT","g19":"","g20":"","g21":"Yİ","g22":"EĞT","g23":"EĞT","g24":"EĞT","g25":"EĞT","g26":"","g27":"","g28":"EĞT","g29":"EĞT","g30":"EĞT","g31":"EĞT","silinmis":"0","id":"34"},
	{"sirano":"5","sicil":"6409","adi":"Yunus Emre ÖZÇELİK","gorevi":"SANCAKTEPE","g1":"","g2":"EĞT","g3":"EĞT","g4":"EĞT","g5":"","g6":"","g7":"EĞT","g8":"EĞT","g9":"EĞT","g10":"EĞT","g11":"EĞT","g12":"","g13":"","g14":"EĞT","g15":"EĞT","g16":"EĞT","g17":"EĞT","g18":"EĞT","g19":"","g20":"","g21":"Yİ","g22":"EĞT","g23":"EĞT","g24":"EĞT","g25":"EĞT","g26":"","g27":"","g28":"EĞT","g29":"EĞT","g30":"EĞT","g31":"EĞT","silinmis":"0","id":"35"},
	{"sirano":"6","sicil":"5989","adi":"Serhat İBİŞHÜKÇÜ","gorevi":"ÇEKMEKÖY","g1":"Üİ","g2":"Üİ","g3":"Üİ","g4":"Üİ","g5":"Üİ","g6":"Üİ","g7":"Üİ","g8":"Üİ","g9":"Üİ","g10":"Üİ","g11":"Üİ","g12":"Üİ","g13":"Üİ","g14":"Üİ","g15":"Üİ","g16":"Üİ","g17":"Üİ","g18":"Üİ","g19":"Üİ","g20":"Üİ","g21":"Üİ","g22":"Üİ","g23":"Üİ","g24":"Üİ","g25":"Üİ","g26":"Üİ","g27":"Üİ","g28":"Üİ","g29":"Üİ","g30":"Üİ","g31":"Üİ","silinmis":"0","id":"36"},
	{"sirano":"7","sicil":"5994","adi":"Sibel YILMAZLAR","gorevi":"ÜSKÜDAR","g1":"D.İ","g2":"D.İ","g3":"D.İ","g4":"D.İ","g5":"D.İ","g6":"","g7":"","g8":"D.İ","g9":"D.İ","g10":"D.İ","g11":"D.İ","g12":"D.İ","g13":"","g14":"","g15":"D.İ","g16":"D.İ","g17":"D.İ","g18":"D.İ","g19":"D.İ","g20":"","g21":"","g22":"D.İ","g23":"D.İ","g24":"D.İ","g25":"D.İ","g26":"D.İ","g27":"","g28":"","g29":"D.İ","g30":"D.İ","g31":"D.İ","silinmis":"0","id":"37"},
	{"sirano":"8","sicil":"7680","adi":"BÜŞRA KILIÇ","gorevi":"ÜMRANİYE","g1":"D.İ","g2":"D.İ","g3":"D.İ","g4":"D.İ","g5":"D.İ","g6":"","g7":"","g8":"D.İ","g9":"D.İ","g10":"D.İ","g11":"D.İ","g12":"D.İ","g13":"","g14":"","g15":"D.İ","g16":"D.İ","g17":"D.İ","g18":"D.İ","g19":"D.İ","g20":"","g21":"","g22":"D.İ","g23":"D.İ","g24":"D.İ","g25":"D.İ","g26":"D.İ","g27":"","g28":"","g29":"D.İ","g30":"D.İ","g31":"D.İ","silinmis":"0","id":"38"} 
    ],
    "tdetay" : [	
	{"adi":"sdfsfsd","haftaicisonu":"PAZAR","yazkis":"KIŞ TARİFESİ","silinmis":"0","id":"1"},
	{"adi":"deneme","haftaicisonu":"HAFTAİÇİ","yazkis":"KIŞ TARİFESİ","silinmis":"0","id":"2"},
	{"adi":"sdfsfsd","haftaicisonu":"PAZAR","yazkis":"YAZ TARİFESİ","silinmis":"0","id":"3"}
	],
	"aracgrslistesi" : [
	{"id":"1"}
	],
	"manevra" : [
	{"gorevno":"MAN001","ttid":"1","baslangicsaati":28800,"bitissaati":64800,"silinmis":"0","id":"1"}
	],
	"hatlistesi" : [
	{"hatadi":"HAT001 - HAT002","silinmis":"0","id":"1"} 
    ],    
	"ucistasyon" : [
    { "ttid":"1","numara":"205","saat":21600,"run":"1","dizi":"4","hatid":"0","silinmis":"0","id":"1" },
    { "ttid":"1","numara":"206","saat":22211,"run":"2","dizi":"4","hatid":"0","silinmis":"0","id":"2" },
    { "ttid":"1","numara":"201","saat":22822,"run":"3","dizi":"4","hatid":"0","silinmis":"0","id":"3" },
    { "ttid":"1","numara":"202","saat":23433,"run":"4","dizi":"4","hatid":"0","silinmis":"0","id":"4" },
    { "ttid":"1","numara":"203","saat":24044,"run":"5","dizi":"4","hatid":"0","silinmis":"0","id":"5" },
    { "ttid":"1","numara":"204","saat":24655,"run":"1","dizi":"4","hatid":"0","silinmis":"0","id":"6" },
    { "ttid":"1","numara":"221","saat":25266,"run":"2","dizi":"4","hatid":"0","silinmis":"0","id":"7" },
    { "ttid":"1","numara":"205","saat":25877,"run":"3","dizi":"4","hatid":"0","silinmis":"0","id":"8" },
    { "ttid":"1","numara":"206","saat":26488,"run":"4","dizi":"4","hatid":"0","silinmis":"0","id":"9" },
    { "ttid":"1","numara":"222","saat":27099,"run":"5","dizi":"4","hatid":"0","silinmis":"0","id":"10" },
    { "ttid":"1","numara":"223","saat":27710,"run":"1","dizi":"4","hatid":"0","silinmis":"0","id":"11" },
    { "ttid":"1","numara":"201","saat":28321,"run":"2","dizi":"4","hatid":"0","silinmis":"0","id":"12" },
    { "ttid":"1","numara":"202","saat":28932,"run":"3","dizi":"4","hatid":"0","silinmis":"0","id":"13" },
    { "ttid":"1","numara":"203","saat":29543,"run":"4","dizi":"4","hatid":"0","silinmis":"0","id":"14" },
    { "ttid":"1","numara":"204","saat":30154,"run":"5","dizi":"4","hatid":"0","silinmis":"0","id":"15" },
    { "ttid":"1","numara":"221","saat":30765,"run":"1","dizi":"4","hatid":"0","silinmis":"0","id":"16" },
    { "ttid":"1","numara":"205","saat":31376,"run":"2","dizi":"4","hatid":"0","silinmis":"0","id":"17" },
    { "ttid":"1","numara":"206","saat":31987,"run":"3","dizi":"4","hatid":"0","silinmis":"0","id":"18" },
    { "ttid":"1","numara":"222","saat":32598,"run":"4","dizi":"4","hatid":"0","silinmis":"0","id":"19" },
    { "ttid":"1","numara":"223","saat":33209,"run":"5","dizi":"4","hatid":"0","silinmis":"0","id":"20" },
    { "ttid":"1","numara":"201","saat":33820,"run":"1","dizi":"4","hatid":"0","silinmis":"0","id":"21" },
    { "ttid":"1","numara":"202","saat":34431,"run":"2","dizi":"4","hatid":"0","silinmis":"0","id":"22" },
    { "ttid":"1","numara":"203","saat":35042,"run":"3","dizi":"4","hatid":"0","silinmis":"0","id":"23" },
    { "ttid":"1","numara":"204","saat":35653,"run":"4","dizi":"4","hatid":"0","silinmis":"0","id":"24" },
    { "ttid":"1","numara":"221","saat":36264,"run":"5","dizi":"4","hatid":"0","silinmis":"0","id":"25" },
    { "ttid":"1","numara":"205","saat":36875,"run":"1","dizi":"4","hatid":"0","silinmis":"0","id":"26" },
    { "ttid":"1","numara":"206","saat":37486,"run":"2","dizi":"4","hatid":"0","silinmis":"0","id":"27" },
    { "ttid":"1","numara":"222","saat":38097,"run":"3","dizi":"4","hatid":"0","silinmis":"0","id":"28" },
    { "ttid":"1","numara":"223","saat":38708,"run":"4","dizi":"4","hatid":"0","silinmis":"0","id":"29" },
    { "ttid":"1","numara":"201","saat":39319,"run":"5","dizi":"4","hatid":"0","silinmis":"0","id":"30" },
    { "ttid":"1","numara":"202","saat":39930,"run":"1","dizi":"4","hatid":"0","silinmis":"0","id":"31" },
    { "ttid":"1","numara":"203","saat":40541,"run":"2","dizi":"4","hatid":"0","silinmis":"0","id":"32" },
    { "ttid":"1","numara":"204","saat":41152,"run":"3","dizi":"4","hatid":"0","silinmis":"0","id":"33" },
    { "ttid":"1","numara":"221","saat":41763,"run":"4","dizi":"4","hatid":"0","silinmis":"0","id":"34" },
    { "ttid":"1","numara":"205","saat":42374,"run":"5","dizi":"4","hatid":"0","silinmis":"0","id":"35" },
    { "ttid":"1","numara":"206","saat":42985,"run":"1","dizi":"4","hatid":"0","silinmis":"0","id":"36" },
    { "ttid":"1","numara":"222","saat":43596,"run":"2","dizi":"4","hatid":"0","silinmis":"0","id":"37" },
    { "ttid":"1","numara":"223","saat":44207,"run":"3","dizi":"4","hatid":"0","silinmis":"0","id":"38" },
    { "ttid":"1","numara":"201","saat":44818,"run":"4","dizi":"4","hatid":"0","silinmis":"0","id":"39" },
    { "ttid":"1","numara":"202","saat":45429,"run":"5","dizi":"4","hatid":"0","silinmis":"0","id":"40" },
	{ "ttid":"1","numara":"203","saat":46040,"run":"1","dizi":"4","hatid":"0","silinmis":"0","id":"41" },
	{ "ttid":"1","numara":"204","saat":46651,"run":"2","dizi":"4","hatid":"0","silinmis":"0","id":"42" },
	{ "ttid":"1","numara":"205","saat":47262,"run":"3","dizi":"4","hatid":"0","silinmis":"0","id":"43" },
	{ "ttid":"1","numara":"271","saat":47873,"run":"4","dizi":"4","hatid":"0","silinmis":"0","id":"44" },
	{ "ttid":"1","numara":"272","saat":48484,"run":"5","dizi":"4","hatid":"0","silinmis":"0","id":"45" },
	{ "ttid":"1","numara":"221","saat":49095,"run":"1","dizi":"4","hatid":"0","silinmis":"0","id":"46" },
	{ "ttid":"1","numara":"222","saat":49706,"run":"2","dizi":"4","hatid":"0","silinmis":"0","id":"47" },
	{ "ttid":"1","numara":"223","saat":50317,"run":"3","dizi":"4","hatid":"0","silinmis":"0","id":"48" },
	{ "ttid":"1","numara":"273","saat":50928,"run":"4","dizi":"4","hatid":"0","silinmis":"0","id":"49" },
	{ "ttid":"1","numara":"DP1","saat":51539,"run":"5","dizi":"4","hatid":"0","silinmis":"0","id":"50" },
	{ "ttid":"1","numara":"271","saat":52150,"run":"1","dizi":"4","hatid":"0","silinmis":"0","id":"51" },
	{ "ttid":"1","numara":"272","saat":52761,"run":"2","dizi":"4","hatid":"0","silinmis":"0","id":"52" },
	{ "ttid":"1","numara":"221","saat":53372,"run":"3","dizi":"4","hatid":"0","silinmis":"0","id":"53" },
	{ "ttid":"1","numara":"222","saat":53983,"run":"4","dizi":"4","hatid":"0","silinmis":"0","id":"54" },
	{ "ttid":"1","numara":"223","saat":54594,"run":"5","dizi":"4","hatid":"0","silinmis":"0","id":"55" },
	{ "ttid":"1","numara":"273","saat":55205,"run":"1","dizi":"4","hatid":"0","silinmis":"0","id":"56" },
	{ "ttid":"1","numara":"DP1","saat":55816,"run":"2","dizi":"4","hatid":"0","silinmis":"0","id":"57" },
	{ "ttid":"1","numara":"271","saat":56427,"run":"3","dizi":"4","hatid":"0","silinmis":"0","id":"58" },
	{ "ttid":"1","numara":"272","saat":57038,"run":"4","dizi":"4","hatid":"0","silinmis":"0","id":"59" },
	{ "ttid":"1","numara":"251","saat":57649,"run":"5","dizi":"4","hatid":"0","silinmis":"0","id":"60" },
	{ "ttid":"1","numara":"252","saat":58260,"run":"1","dizi":"4","hatid":"0","silinmis":"0","id":"61" },
	{ "ttid":"1","numara":"253","saat":58871,"run":"2","dizi":"4","hatid":"0","silinmis":"0","id":"62" },
	{ "ttid":"1","numara":"254","saat":59482,"run":"3","dizi":"4","hatid":"0","silinmis":"0","id":"63" },
	{ "ttid":"1","numara":"255","saat":60093,"run":"4","dizi":"4","hatid":"0","silinmis":"0","id":"64" },
	{ "ttid":"1","numara":"256","saat":60704,"run":"5","dizi":"4","hatid":"0","silinmis":"0","id":"65" },
	{ "ttid":"1","numara":"273","saat":61315,"run":"1","dizi":"4","hatid":"0","silinmis":"0","id":"66" },
	{ "ttid":"1","numara":"DP2","saat":61926,"run":"2","dizi":"4","hatid":"0","silinmis":"0","id":"67" },
	{ "ttid":"1","numara":"271","saat":62537,"run":"3","dizi":"4","hatid":"0","silinmis":"0","id":"68" },
	{ "ttid":"1","numara":"272","saat":63148,"run":"4","dizi":"4","hatid":"0","silinmis":"0","id":"69" },
	{ "ttid":"1","numara":"251","saat":63759,"run":"5","dizi":"4","hatid":"0","silinmis":"0","id":"70" },
	{ "ttid":"1","numara":"252","saat":64370,"run":"1","dizi":"4","hatid":"0","silinmis":"0","id":"71" },
	{ "ttid":"1","numara":"253","saat":64981,"run":"2","dizi":"4","hatid":"0","silinmis":"0","id":"72" },
	{ "ttid":"1","numara":"254","saat":65592,"run":"3","dizi":"4","hatid":"0","silinmis":"0","id":"73" },
	{ "ttid":"1","numara":"255","saat":66203,"run":"4","dizi":"4","hatid":"0","silinmis":"0","id":"74" },
	{ "ttid":"1","numara":"256","saat":66814,"run":"5","dizi":"4","hatid":"0","silinmis":"0","id":"75" },
	{ "ttid":"1","numara":"273","saat":67425,"run":"1","dizi":"4","hatid":"0","silinmis":"0","id":"76" },
	{ "ttid":"1","numara":"DP2","saat":68036,"run":"2","dizi":"4","hatid":"0","silinmis":"0","id":"77" },
	{ "ttid":"1","numara":"271","saat":68647,"run":"3","dizi":"4","hatid":"0","silinmis":"0","id":"78" },
	{ "ttid":"1","numara":"272","saat":69258,"run":"4","dizi":"4","hatid":"0","silinmis":"0","id":"79" },
	{ "ttid":"1","numara":"251","saat":69869,"run":"5","dizi":"4","hatid":"0","silinmis":"0","id":"80" },
	{ "ttid":"1","numara":"252","saat":70480,"run":"1","dizi":"4","hatid":"0","silinmis":"0","id":"81" },
	{ "ttid":"1","numara":"253","saat":71091,"run":"2","dizi":"4","hatid":"0","silinmis":"0","id":"82" },
	{ "ttid":"1","numara":"254","saat":71702,"run":"3","dizi":"4","hatid":"0","silinmis":"0","id":"83" },
	{ "ttid":"1","numara":"255","saat":72313,"run":"4","dizi":"4","hatid":"0","silinmis":"0","id":"84" },
	{ "ttid":"1","numara":"256","saat":72924,"run":"5","dizi":"4","hatid":"0","silinmis":"0","id":"85" },
	{ "ttid":"1","numara":"273","saat":73535,"run":"1","dizi":"4","hatid":"0","silinmis":"0","id":"86" },
	{ "ttid":"1","numara":"271","saat":74146,"run":"2","dizi":"4","hatid":"0","silinmis":"0","id":"87" },
	{ "ttid":"1","numara":"272","saat":74757,"run":"3","dizi":"4","hatid":"0","silinmis":"0","id":"88" },
	{ "ttid":"1","numara":"251","saat":75368,"run":"4","dizi":"4","hatid":"0","silinmis":"0","id":"89" },
	{ "ttid":"1","numara":"252","saat":75979,"run":"5","dizi":"4","hatid":"0","silinmis":"0","id":"90" },
	{ "ttid":"1","numara":"253","saat":76590,"run":"1","dizi":"4","hatid":"0","silinmis":"0","id":"91" },
	{ "ttid":"1","numara":"254","saat":77201,"run":"2","dizi":"4","hatid":"0","silinmis":"0","id":"92" },
	{ "ttid":"1","numara":"255","saat":77812,"run":"3","dizi":"4","hatid":"0","silinmis":"0","id":"93" },
	{ "ttid":"1","numara":"256","saat":78423,"run":"4","dizi":"4","hatid":"0","silinmis":"0","id":"94" },
	{ "ttid":"1","numara":"273","saat":79034,"run":"5","dizi":"4","hatid":"0","silinmis":"0","id":"95" },
	{ "ttid":"1","numara":"251","saat":79645,"run":"1","dizi":"4","hatid":"0","silinmis":"0","id":"96" },
	{ "ttid":"1","numara":"252","saat":80256,"run":"2","dizi":"4","hatid":"0","silinmis":"0","id":"97" },
	{ "ttid":"1","numara":"253","saat":80867,"run":"3","dizi":"4","hatid":"0","silinmis":"0","id":"98" },
	{ "ttid":"1","numara":"254","saat":81478,"run":"4","dizi":"4","hatid":"0","silinmis":"0","id":"99" },
	{ "ttid":"1","numara":"255","saat":82089,"run":"5","dizi":"4","hatid":"0","silinmis":"0","id":"100" },
	{ "ttid":"1","numara":"256","saat":82700,"run":"1","dizi":"4","hatid":"0","silinmis":"0","id":"101" },
	{ "ttid":"1","numara":"251","saat":83311,"run":"2","dizi":"4","hatid":"0","silinmis":"0","id":"102" },
	{ "ttid":"1","numara":"252","saat":83922,"run":"3","dizi":"4","hatid":"0","silinmis":"0","id":"103" },
	{ "ttid":"1","numara":"253","saat":84538,"run":"4","dizi":"4","hatid":"0","silinmis":"0","id":"104" },
	{ "ttid":"1","numara":"254","saat":85149,"run":"5","dizi":"4","hatid":"0","silinmis":"0","id":"105" },
	{ "ttid":"1","numara":"255","saat":85760,"run":"1","dizi":"4","hatid":"0","silinmis":"0","id":"106" },
	{ "ttid":"1","numara":"256","saat":86371,"run":"2","dizi":"4","hatid":"0","silinmis":"0","id":"107" },  
    { "ttid":"2","numara":"6","saat":21600,"run":"1","dizi":"4","hatid":"0","silinmis":"0","id":"1" },
	{ "ttid":"2","numara":"7","saat":22120,"run":"2","dizi":"4","hatid":"0","silinmis":"0","id":"2" },
	{ "ttid":"2","numara":"1","saat":22640,"run":"3","dizi":"4","hatid":"0","silinmis":"0","id":"3" },
	{ "ttid":"2","numara":"2","saat":23160,"run":"4","dizi":"4","hatid":"0","silinmis":"0","id":"4" },
	{ "ttid":"2","numara":"3","saat":23680,"run":"5","dizi":"4","hatid":"0","silinmis":"0","id":"5" },
	{ "ttid":"2","numara":"4","saat":24200,"run":"6","dizi":"4","hatid":"0","silinmis":"0","id":"6" },
	{ "ttid":"2","numara":"5","saat":24720,"run":"1","dizi":"4","hatid":"0","silinmis":"0","id":"7" },
	{ "ttid":"2","numara":"6","saat":25240,"run":"2","dizi":"4","hatid":"0","silinmis":"0","id":"8" },
	{ "ttid":"2","numara":"21","saat":25760,"run":"3","dizi":"4","hatid":"0","silinmis":"0","id":"9" },
	{ "ttid":"2","numara":"7","saat":26205,"run":"7","dizi":"4","hatid":"0","silinmis":"0","id":"10" },
	{ "ttid":"2","numara":"1","saat":26650,"run":"4","dizi":"4","hatid":"0","silinmis":"0","id":"11" },
	{ "ttid":"2","numara":"23","saat":27100,"run":"5","dizi":"4","hatid":"0","silinmis":"0","id":"12" },
	{ "ttid":"2","numara":"2","saat":27540,"run":"6","dizi":"4","hatid":"0","silinmis":"0","id":"13" },
	{ "ttid":"2","numara":"3","saat":27985,"run":"1","dizi":"4","hatid":"0","silinmis":"0","id":"14" },
	{ "ttid":"2","numara":"4","saat":28430,"run":"2","dizi":"4","hatid":"0","silinmis":"0","id":"15" },
	{ "ttid":"2","numara":"22","saat":28875,"run":"3","dizi":"4","hatid":"0","silinmis":"0","id":"16" },
	{ "ttid":"2","numara":"5","saat":29320,"run":"7","dizi":"4","hatid":"0","silinmis":"0","id":"17" },
	{ "ttid":"2","numara":"6","saat":29765,"run":"4","dizi":"4","hatid":"0","silinmis":"0","id":"18" },
	{ "ttid":"2","numara":"21","saat":30210,"run":"5","dizi":"4","hatid":"0","silinmis":"0","id":"19" },
	{ "ttid":"2","numara":"7","saat":30655,"run":"6","dizi":"4","hatid":"0","silinmis":"0","id":"20" },
	{ "ttid":"2","numara":"1","saat":31000,"run":"1","dizi":"4","hatid":"0","silinmis":"0","id":"21" },
	{ "ttid":"2","numara":"23","saat":31545,"run":"2","dizi":"4","hatid":"0","silinmis":"0","id":"22" },
	{ "ttid":"2","numara":"2","saat":32020,"run":"3","dizi":"4","hatid":"0","silinmis":"0","id":"23" },
	{ "ttid":"2","numara":"3","saat":32565,"run":"7","dizi":"4","hatid":"0","silinmis":"0","id":"24" },
	{ "ttid":"2","numara":"4","saat":33110,"run":"5","dizi":"4","hatid":"0","silinmis":"0","id":"25" },
	{ "ttid":"2","numara":"22","saat":33645,"run":"6","dizi":"4","hatid":"0","silinmis":"0","id":"26" },
	{ "ttid":"2","numara":"5","saat":34070,"run":"2","dizi":"4","hatid":"0","silinmis":"0","id":"27" },
	{ "ttid":"2","numara":"6","saat":35295,"run":"3","dizi":"4","hatid":"0","silinmis":"0","id":"28" },
	{ "ttid":"2","numara":"21","saat":35920,"run":"7","dizi":"4","hatid":"0","silinmis":"0","id":"29" },
	{ "ttid":"2","numara":"7","saat":36545,"run":"5","dizi":"4","hatid":"0","silinmis":"0","id":"30" },
	{ "ttid":"2","numara":"1","saat":37170,"run":"6","dizi":"4","hatid":"0","silinmis":"0","id":"31" },
	{ "ttid":"2","numara":"23","saat":37795,"run":"2","dizi":"4","hatid":"0","silinmis":"0","id":"32" },
	{ "ttid":"2","numara":"2","saat":38340,"run":"3","dizi":"4","hatid":"0","silinmis":"0","id":"33" },
	{ "ttid":"2","numara":"3","saat":38905,"run":"7","dizi":"4","hatid":"0","silinmis":"0","id":"34" },
	{ "ttid":"2","numara":"4","saat":39470,"run":"5","dizi":"4","hatid":"0","silinmis":"0","id":"35" },
	{ "ttid":"2","numara":"22","saat":40095,"run":"6","dizi":"4","hatid":"0","silinmis":"0","id":"36" },
	{ "ttid":"2","numara":"5","saat":40520,"run":"2","dizi":"4","hatid":"0","silinmis":"0","id":"37" },
	{ "ttid":"2","numara":"6","saat":41165,"run":"3","dizi":"4","hatid":"0","silinmis":"0","id":"38" },
	{ "ttid":"2","numara":"21","saat":41770,"run":"7","dizi":"4","hatid":"0","silinmis":"0","id":"39" },
	{ "ttid":"2","numara":"1","saat":42795,"run":"5","dizi":"4","hatid":"0","silinmis":"0","id":"40" },
    { "ttid":"2","numara":"7","saat":43420,"run":"6","dizi":"4","hatid":"0","silinmis":"0","id":"41" },
	{ "ttid":"2","numara":"2","saat":44045,"run":"2","dizi":"4","hatid":"0","silinmis":"0","id":"42" },
	{ "ttid":"2","numara":"3","saat":44670,"run":"3","dizi":"4","hatid":"0","silinmis":"0","id":"43" },
	{ "ttid":"2","numara":"4","saat":45305,"run":"7","dizi":"4","hatid":"0","silinmis":"0","id":"44" },
	{ "ttid":"2","numara":"5","saat":45920,"run":"5","dizi":"4","hatid":"0","silinmis":"0","id":"45" },
	{ "ttid":"2","numara":"6","saat":46545,"run":"6","dizi":"4","hatid":"0","silinmis":"0","id":"46" },
	{ "ttid":"2","numara":"1","saat":47170,"run":"2","dizi":"4","hatid":"0","silinmis":"0","id":"47" },
	{ "ttid":"2","numara":"23","saat":47800,"run":"3","dizi":"4","hatid":"0","silinmis":"0","id":"48" },
	{ "ttid":"2","numara":"22","saat":48420,"run":"7","dizi":"4","hatid":"0","silinmis":"0","id":"49" },
	{ "ttid":"2","numara":"71","saat":49045,"run":"5","dizi":"4","hatid":"0","silinmis":"0","id":"50" }, 
    { "ttid":"2","numara":"21","saat":49670,"run":"6","dizi":"4","hatid":"0","silinmis":"0","id":"51" },
    { "ttid":"2","numara":"72","saat":50295,"run":"2","dizi":"4","hatid":"0","silinmis":"0","id":"52" },
    { "ttid":"2","numara":"73","saat":50920,"run":"3","dizi":"4","hatid":"0","silinmis":"0","id":"53" },
    { "ttid":"2","numara":"74","saat":51545,"run":"7","dizi":"4","hatid":"0","silinmis":"0","id":"54" },
    { "ttid":"2","numara":"23","saat":52170,"run":"5","dizi":"4","hatid":"0","silinmis":"0","id":"55" },
    { "ttid":"2","numara":"22","saat":52795,"run":"6","dizi":"4","hatid":"0","silinmis":"0","id":"56" },
    { "ttid":"2","numara":"71","saat":53420,"run":"2","dizi":"4","hatid":"0","silinmis":"0","id":"57" },
    { "ttid":"2","numara":"21","saat":54045,"run":"3","dizi":"4","hatid":"0","silinmis":"0","id":"58" },
    { "ttid":"2","numara":"72","saat":54670,"run":"7","dizi":"4","hatid":"0","silinmis":"0","id":"59" },
    { "ttid":"2","numara":"73","saat":55295,"run":"5","dizi":"4","hatid":"0","silinmis":"0","id":"60" },
    { "ttid":"2","numara":"74","saat":55920,"run":"6","dizi":"4","hatid":"0","silinmis":"0","id":"61" },
    { "ttid":"2","numara":"23","saat":56545,"run":"2","dizi":"4","hatid":"0","silinmis":"0","id":"62" },
    { "ttid":"2","numara":"22","saat":56990,"run":"8","dizi":"4","hatid":"0","silinmis":"0","id":"63" },
    { "ttid":"2","numara":"71","saat":57435,"run":"3","dizi":"4","hatid":"0","silinmis":"0","id":"64" },
    { "ttid":"2","numara":"51","saat":57880,"run":"7","dizi":"4","hatid":"0","silinmis":"0","id":"65" },
    { "ttid":"2","numara":"52","saat":58325,"run":"9","dizi":"4","hatid":"0","silinmis":"0","id":"66" },
    { "ttid":"2","numara":"53","saat":58770,"run":"5","dizi":"4","hatid":"0","silinmis":"0","id":"67" },
    { "ttid":"2","numara":"54","saat":59215,"run":"6","dizi":"4","hatid":"0","silinmis":"0","id":"68" },
    { "ttid":"2","numara":"55","saat":59660,"run":"2","dizi":"4","hatid":"0","silinmis":"0","id":"69" },
    { "ttid":"2","numara":"56","saat":60105,"run":"8","dizi":"4","hatid":"0","silinmis":"0","id":"70" },
    { "ttid":"2","numara":"57","saat":60550,"run":"3","dizi":"4","hatid":"0","silinmis":"0","id":"71" },
    { "ttid":"2","numara":"72","saat":60995,"run":"7","dizi":"4","hatid":"0","silinmis":"0","id":"72" },
    { "ttid":"2","numara":"73","saat":61440,"run":"9","dizi":"4","hatid":"0","silinmis":"0","id":"73" },
    { "ttid":"2","numara":"71","saat":61885,"run":"5","dizi":"4","hatid":"0","silinmis":"0","id":"74" },
    { "ttid":"2","numara":"51","saat":62330,"run":"6","dizi":"4","hatid":"0","silinmis":"0","id":"75" },
    { "ttid":"2","numara":"74","saat":62775,"run":"2","dizi":"4","hatid":"0","silinmis":"0","id":"76" },
    { "ttid":"2","numara":"52","saat":63220,"run":"8","dizi":"4","hatid":"0","silinmis":"0","id":"77" },
    { "ttid":"2","numara":"53","saat":63665,"run":"3","dizi":"4","hatid":"0","silinmis":"0","id":"78" },
    { "ttid":"2","numara":"54","saat":64110,"run":"7","dizi":"4","hatid":"0","silinmis":"0","id":"79" },
    { "ttid":"2","numara":"55","saat":64555,"run":"9","dizi":"4","hatid":"0","silinmis":"0","id":"80" },
    { "ttid":"2","numara":"56","saat":65000,"run":"5","dizi":"4","hatid":"0","silinmis":"0","id":"81" },
    { "ttid":"2","numara":"57","saat":65445,"run":"6","dizi":"4","hatid":"0","silinmis":"0","id":"82" },
    { "ttid":"2","numara":"72","saat":65890,"run":"2","dizi":"4","hatid":"0","silinmis":"0","id":"83" },
    { "ttid":"2","numara":"73","saat":66335,"run":"8","dizi":"4","hatid":"0","silinmis":"0","id":"84" },
    { "ttid":"2","numara":"71","saat":66780,"run":"3","dizi":"4","hatid":"0","silinmis":"0","id":"85" },
    { "ttid":"2","numara":"51","saat":67225,"run":"7","dizi":"4","hatid":"0","silinmis":"0","id":"86" },
    { "ttid":"2","numara":"74","saat":67670,"run":"9","dizi":"4","hatid":"0","silinmis":"0","id":"87" },
    { "ttid":"2","numara":"52","saat":68115,"run":"5","dizi":"4","hatid":"0","silinmis":"0","id":"88" },
    { "ttid":"2","numara":"53","saat":68560,"run":"6","dizi":"4","hatid":"0","silinmis":"0","id":"89" },
    { "ttid":"2","numara":"54","saat":69005,"run":"2","dizi":"4","hatid":"0","silinmis":"0","id":"90" },
	{ "ttid":"2","numara":"55","saat":69450,"run":"8","dizi":"4","hatid":"0","silinmis":"0","id":"91" },
    { "ttid":"2","numara":"56","saat":69895,"run":"3","dizi":"4","hatid":"0","silinmis":"0","id":"92" },
    { "ttid":"2","numara":"57","saat":70340,"run":"7","dizi":"4","hatid":"0","silinmis":"0","id":"93" },
    { "ttid":"2","numara":"72","saat":70785,"run":"9","dizi":"4","hatid":"0","silinmis":"0","id":"94" },
    { "ttid":"2","numara":"73","saat":71230,"run":"5","dizi":"4","hatid":"0","silinmis":"0","id":"95" },
    { "ttid":"2","numara":"71","saat":71675,"run":"6","dizi":"4","hatid":"0","silinmis":"0","id":"96" },
    { "ttid":"2","numara":"51","saat":72120,"run":"2","dizi":"4","hatid":"0","silinmis":"0","id":"97" },
    { "ttid":"2","numara":"74","saat":72565,"run":"8","dizi":"4","hatid":"0","silinmis":"0","id":"98" },
    { "ttid":"2","numara":"52","saat":73010,"run":"3","dizi":"4","hatid":"0","silinmis":"0","id":"99" },
    { "ttid":"2","numara":"53","saat":73455,"run":"7","dizi":"4","hatid":"0","silinmis":"0","id":"100" },
    { "ttid":"2","numara":"54","saat":73900,"run":"9","dizi":"4","hatid":"0","silinmis":"0","id":"101" },
    { "ttid":"2","numara":"55","saat":74345,"run":"5","dizi":"4","hatid":"0","silinmis":"0","id":"102" },
    { "ttid":"2","numara":"56","saat":74790,"run":"6","dizi":"4","hatid":"0","silinmis":"0","id":"103" },
    { "ttid":"2","numara":"57","saat":75335,"run":"2","dizi":"4","hatid":"0","silinmis":"0","id":"104" },
    { "ttid":"2","numara":"73","saat":75880,"run":"8","dizi":"4","hatid":"0","silinmis":"0","id":"105" },
    { "ttid":"2","numara":"72","saat":76425,"run":"7","dizi":"4","hatid":"0","silinmis":"0","id":"106" },
    { "ttid":"2","numara":"51","saat":76970,"run":"9","dizi":"4","hatid":"0","silinmis":"0","id":"107" },
    { "ttid":"2","numara":"52","saat":77515,"run":"6","dizi":"4","hatid":"0","silinmis":"0","id":"108" },
    { "ttid":"2","numara":"74","saat":78060,"run":"2","dizi":"4","hatid":"0","silinmis":"0","id":"109" },
    { "ttid":"2","numara":"53","saat":78605,"run":"8","dizi":"4","hatid":"0","silinmis":"0","id":"110" },
    { "ttid":"2","numara":"54","saat":79150,"run":"7","dizi":"4","hatid":"0","silinmis":"0","id":"111" },
    { "ttid":"2","numara":"55","saat":79695,"run":"9","dizi":"4","hatid":"0","silinmis":"0","id":"112" },
    { "ttid":"2","numara":"56","saat":80240,"run":"6","dizi":"4","hatid":"0","silinmis":"0","id":"113" },
    { "ttid":"2","numara":"57","saat":80765,"run":"2","dizi":"4","hatid":"0","silinmis":"0","id":"114" },
    { "ttid":"2","numara":"51","saat":81390,"run":"8","dizi":"4","hatid":"0","silinmis":"0","id":"115" },
    { "ttid":"2","numara":"52","saat":82015,"run":"7","dizi":"4","hatid":"0","silinmis":"0","id":"116" },
    { "ttid":"2","numara":"53","saat":82640,"run":"9","dizi":"4","hatid":"0","silinmis":"0","id":"117" },
    { "ttid":"2","numara":"54","saat":83265,"run":"6","dizi":"4","hatid":"0","silinmis":"0","id":"118" },
    { "ttid":"2","numara":"55","saat":83890,"run":"2","dizi":"4","hatid":"0","silinmis":"0","id":"119" },
    { "ttid":"2","numara":"56","saat":84515,"run":"8","dizi":"4","hatid":"0","silinmis":"0","id":"120" },
	{ "ttid":"2","numara":"57","saat":86040,"run":"7","dizi":"4","hatid":"0","silinmis":"0","id":"121" },
    { "ttid":"2","numara":"51","saat":86665,"run":"9","dizi":"4","hatid":"0","silinmis":"0","id":"122" },
    { "ttid":"3","numara":"6","saat":21600,"run":"1","dizi":"4","hatid":"0","silinmis":"0","id":"3" },
    { "ttid":"3","numara":"7","saat":22120,"run":"2","dizi":"4","hatid":"0","silinmis":"0","id":"244" },
    { "ttid":"3","numara":"1","saat":22640,"run":"3","dizi":"4","hatid":"0","silinmis":"0","id":"245" },
    { "ttid":"3","numara":"2","saat":23160,"run":"4","dizi":"4","hatid":"0","silinmis":"0","id":"246" },
    { "ttid":"3","numara":"3","saat":23680,"run":"5","dizi":"4","hatid":"0","silinmis":"0","id":"247" },
    { "ttid":"3","numara":"4","saat":24200,"run":"6","dizi":"4","hatid":"0","silinmis":"0","id":"248" },
    { "ttid":"3","numara":"5","saat":24720,"run":"1","dizi":"4","hatid":"0","silinmis":"0","id":"249" },
    { "ttid":"3","numara":"6","saat":25240,"run":"2","dizi":"4","hatid":"0","silinmis":"0","id":"250" },
    { "ttid":"3","numara":"21","saat":25760,"run":"3","dizi":"4","hatid":"0","silinmis":"0","id":"251" },
    { "ttid":"3","numara":"7","saat":26205,"run":"7","dizi":"4","hatid":"0","silinmis":"0","id":"252" },
    { "ttid":"3","numara":"1","saat":26650,"run":"4","dizi":"4","hatid":"0","silinmis":"0","id":"253" },
    { "ttid":"3","numara":"23","saat":27100,"run":"5","dizi":"4","hatid":"0","silinmis":"0","id":"254" },
    { "ttid":"3","numara":"2","saat":27540,"run":"6","dizi":"4","hatid":"0","silinmis":"0","id":"255" },
    { "ttid":"3","numara":"3","saat":27985,"run":"1","dizi":"4","hatid":"0","silinmis":"0","id":"256" },
    { "ttid":"3","numara":"4","saat":28430,"run":"2","dizi":"4","hatid":"0","silinmis":"0","id":"257" },
    { "ttid":"3","numara":"22","saat":28875,"run":"3","dizi":"4","hatid":"0","silinmis":"0","id":"258" },
    { "ttid":"3","numara":"5","saat":29320,"run":"7","dizi":"4","hatid":"0","silinmis":"0","id":"259" },
    { "ttid":"3","numara":"6","saat":29765,"run":"4","dizi":"4","hatid":"0","silinmis":"0","id":"260" },
    { "ttid":"3","numara":"21","saat":30210,"run":"5","dizi":"4","hatid":"0","silinmis":"0","id":"261" },
    { "ttid":"3","numara":"7","saat":30655,"run":"6","dizi":"4","hatid":"0","silinmis":"0","id":"262" },
    { "ttid":"3","numara":"1","saat":31000,"run":"1","dizi":"4","hatid":"0","silinmis":"0","id":"263" },
    { "ttid":"3","numara":"23","saat":31545,"run":"2","dizi":"4","hatid":"0","silinmis":"0","id":"264" },
    { "ttid":"3","numara":"2","saat":32020,"run":"3","dizi":"4","hatid":"0","silinmis":"0","id":"265" },
    { "ttid":"3","numara":"3","saat":32565,"run":"7","dizi":"4","hatid":"0","silinmis":"0","id":"266" },
	{ "ttid":"3","numara":"4","saat":33420,"run":"5","dizi":"4","hatid":"0","silinmis":"0","id":"267" },
    { "ttid":"3","numara":"22","saat":34045,"run":"6","dizi":"4","hatid":"0","silinmis":"0","id":"268" },
    { "ttid":"3","numara":"5","saat":34670,"run":"2","dizi":"4","hatid":"0","silinmis":"0","id":"269" },
    { "ttid":"3","numara":"6","saat":35295,"run":"3","dizi":"4","hatid":"0","silinmis":"0","id":"270" },
    { "ttid":"3","numara":"21","saat":35920,"run":"7","dizi":"4","hatid":"0","silinmis":"0","id":"271" },
    { "ttid":"3","numara":"7","saat":36545,"run":"5","dizi":"4","hatid":"0","silinmis":"0","id":"272" },
    { "ttid":"3","numara":"1","saat":37170,"run":"6","dizi":"4","hatid":"0","silinmis":"0","id":"273" },
    { "ttid":"3","numara":"23","saat":37795,"run":"2","dizi":"4","hatid":"0","silinmis":"0","id":"274" },
    { "ttid":"3","numara":"2","saat":38340,"run":"3","dizi":"4","hatid":"0","silinmis":"0","id":"275" },
    { "ttid":"3","numara":"3","saat":38905,"run":"7","dizi":"4","hatid":"0","silinmis":"0","id":"276" },
    { "ttid":"3","numara":"4","saat":39470,"run":"5","dizi":"4","hatid":"0","silinmis":"0","id":"277" },
    { "ttid":"3","numara":"22","saat":40095,"run":"6","dizi":"4","hatid":"0","silinmis":"0","id":"278" },
    { "ttid":"3","numara":"5","saat":40520,"run":"2","dizi":"4","hatid":"0","silinmis":"0","id":"279" },
    { "ttid":"3","numara":"6","saat":41165,"run":"3","dizi":"4","hatid":"0","silinmis":"0","id":"280" },
    { "ttid":"3","numara":"21","saat":41770,"run":"7","dizi":"4","hatid":"0","silinmis":"0","id":"281" },
    { "ttid":"3","numara":"1","saat":42795,"run":"5","dizi":"4","hatid":"0","silinmis":"0","id":"282" },
    { "ttid":"3","numara":"7","saat":43420,"run":"6","dizi":"4","hatid":"0","silinmis":"0","id":"283" },
    { "ttid":"3","numara":"2","saat":44045,"run":"2","dizi":"4","hatid":"0","silinmis":"0","id":"284" },
    { "ttid":"3","numara":"3","saat":44670,"run":"3","dizi":"4","hatid":"0","silinmis":"0","id":"285" },
    { "ttid":"3","numara":"4","saat":45305,"run":"7","dizi":"4","hatid":"0","silinmis":"0","id":"286" },
    { "ttid":"3","numara":"5","saat":45920,"run":"5","dizi":"4","hatid":"0","silinmis":"0","id":"287" },
    { "ttid":"3","numara":"6","saat":46545,"run":"6","dizi":"4","hatid":"0","silinmis":"0","id":"288" },
    { "ttid":"3","numara":"1","saat":47170,"run":"2","dizi":"4","hatid":"0","silinmis":"0","id":"289" },
    { "ttid":"3","numara":"23","saat":47800,"run":"3","dizi":"4","hatid":"0","silinmis":"0","id":"290" },
    { "ttid":"3","numara":"22","saat":48420,"run":"7","dizi":"4","hatid":"0","silinmis":"0","id":"291" },
    { "ttid":"3","numara":"71","saat":49045,"run":"5","dizi":"4","hatid":"0","silinmis":"0","id":"292" },
    { "ttid":"3","numara":"21","saat":49670,"run":"6","dizi":"4","hatid":"0","silinmis":"0","id":"293" },
    { "ttid":"3","numara":"72","saat":50295,"run":"2","dizi":"4","hatid":"0","silinmis":"0","id":"294" },
	{ "ttid":"3","numara":"73","saat":50920,"run":"3","dizi":"4","hatid":"0","silinmis":"0","id":"295" },
    { "ttid":"3","numara":"74","saat":51545,"run":"7","dizi":"4","hatid":"0","silinmis":"0","id":"296" },
    { "ttid":"3","numara":"23","saat":52170,"run":"5","dizi":"4","hatid":"0","silinmis":"0","id":"297" },
    { "ttid":"3","numara":"22","saat":52795,"run":"6","dizi":"4","hatid":"0","silinmis":"0","id":"298" },
    { "ttid":"3","numara":"71","saat":53420,"run":"2","dizi":"4","hatid":"0","silinmis":"0","id":"299" },
    { "ttid":"3","numara":"21","saat":54045,"run":"3","dizi":"4","hatid":"0","silinmis":"0","id":"300" },
    { "ttid":"3","numara":"72","saat":54670,"run":"7","dizi":"4","hatid":"0","silinmis":"0","id":"301" },
    { "ttid":"3","numara":"73","saat":55295,"run":"5","dizi":"4","hatid":"0","silinmis":"0","id":"302" },
    { "ttid":"3","numara":"74","saat":55920,"run":"6","dizi":"4","hatid":"0","silinmis":"0","id":"303" },
    { "ttid":"3","numara":"23","saat":56545,"run":"2","dizi":"4","hatid":"0","silinmis":"0","id":"304" },
    { "ttid":"3","numara":"22","saat":56990,"run":"8","dizi":"4","hatid":"0","silinmis":"0","id":"305" },
    { "ttid":"3","numara":"71","saat":57435,"run":"3","dizi":"4","hatid":"0","silinmis":"0","id":"306" },
    { "ttid":"3","numara":"51","saat":57880,"run":"7","dizi":"4","hatid":"0","silinmis":"0","id":"307" },
    { "ttid":"3","numara":"52","saat":58325,"run":"9","dizi":"4","hatid":"0","silinmis":"0","id":"308" },
    { "ttid":"3","numara":"53","saat":58770,"run":"5","dizi":"4","hatid":"0","silinmis":"0","id":"309" },
    { "ttid":"3","numara":"54","saat":59215,"run":"6","dizi":"4","hatid":"0","silinmis":"0","id":"310" },
    { "ttid":"3","numara":"55","saat":59660,"run":"2","dizi":"4","hatid":"0","silinmis":"0","id":"311" },
    { "ttid":"3","numara":"56","saat":60105,"run":"8","dizi":"4","hatid":"0","silinmis":"0","id":"312" },
    { "ttid":"3","numara":"57","saat":60550,"run":"3","dizi":"4","hatid":"0","silinmis":"0","id":"313" },
    { "ttid":"3","numara":"72","saat":60995,"run":"7","dizi":"4","hatid":"0","silinmis":"0","id":"314" },
    { "ttid":"3","numara":"73","saat":61440,"run":"9","dizi":"4","hatid":"0","silinmis":"0","id":"315" },
    { "ttid":"3","numara":"71","saat":61885,"run":"5","dizi":"4","hatid":"0","silinmis":"0","id":"316" },
    { "ttid":"3","numara":"51","saat":62330,"run":"6","dizi":"4","hatid":"0","silinmis":"0","id":"317" },
    { "ttid":"3","numara":"74","saat":62775,"run":"2","dizi":"4","hatid":"0","silinmis":"0","id":"318" },
    { "ttid":"3","numara":"52","saat":63220,"run":"8","dizi":"4","hatid":"0","silinmis":"0","id":"319" },
    { "ttid":"3","numara":"53","saat":63665,"run":"3","dizi":"4","hatid":"0","silinmis":"0","id":"320" },
    { "ttid":"3","numara":"54","saat":64110,"run":"7","dizi":"4","hatid":"0","silinmis":"0","id":"321" },
    { "ttid":"3","numara":"55","saat":64555,"run":"9","dizi":"4","hatid":"0","silinmis":"0","id":"322" },
    { "ttid":"3","numara":"56","saat":65000,"run":"5","dizi":"4","hatid":"0","silinmis":"0","id":"323" },
    { "ttid":"3","numara":"57","saat":65445,"run":"6","dizi":"4","hatid":"0","silinmis":"0","id":"324" },
    { "ttid":"3","numara":"72","saat":65890,"run":"2","dizi":"4","hatid":"0","silinmis":"0","id":"325" },
    { "ttid":"3","numara":"73","saat":66335,"run":"8","dizi":"4","hatid":"0","silinmis":"0","id":"326" },
    { "ttid":"3","numara":"71","saat":66780,"run":"3","dizi":"4","hatid":"0","silinmis":"0","id":"327" },
    { "ttid":"3","numara":"51","saat":67225,"run":"7","dizi":"4","hatid":"0","silinmis":"0","id":"328" },
    { "ttid":"3","numara":"74","saat":67670,"run":"9","dizi":"4","hatid":"0","silinmis":"0","id":"329" },
    { "ttid":"3","numara":"52","saat":68115,"run":"5","dizi":"4","hatid":"0","silinmis":"0","id":"330" },
    { "ttid":"3","numara":"53","saat":68560,"run":"6","dizi":"4","hatid":"0","silinmis":"0","id":"331" },
    { "ttid":"3","numara":"54","saat":69005,"run":"2","dizi":"4","hatid":"0","silinmis":"0","id":"332" },
	{ "ttid":"3","numara":"55","saat":69450,"run":"8","dizi":"4","hatid":"0","silinmis":"0","id":"333" },
    { "ttid":"3","numara":"56","saat":69895,"run":"3","dizi":"4","hatid":"0","silinmis":"0","id":"334" },
    { "ttid":"3","numara":"57","saat":70340,"run":"7","dizi":"4","hatid":"0","silinmis":"0","id":"335" },
    { "ttid":"3","numara":"72","saat":70785,"run":"9","dizi":"4","hatid":"0","silinmis":"0","id":"336" },
    { "ttid":"3","numara":"73","saat":71230,"run":"5","dizi":"4","hatid":"0","silinmis":"0","id":"337" },
    { "ttid":"3","numara":"71","saat":71675,"run":"6","dizi":"4","hatid":"0","silinmis":"0","id":"338" },
    { "ttid":"3","numara":"51","saat":72120,"run":"2","dizi":"4","hatid":"0","silinmis":"0","id":"339" },
    { "ttid":"3","numara":"74","saat":72565,"run":"8","dizi":"4","hatid":"0","silinmis":"0","id":"340" },
    { "ttid":"3","numara":"52","saat":73010,"run":"3","dizi":"4","hatid":"0","silinmis":"0","id":"341" },
    { "ttid":"3","numara":"53","saat":73455,"run":"7","dizi":"4","hatid":"0","silinmis":"0","id":"342" },
    { "ttid":"3","numara":"54","saat":73900,"run":"9","dizi":"4","hatid":"0","silinmis":"0","id":"343" },
    { "ttid":"3","numara":"55","saat":74345,"run":"5","dizi":"4","hatid":"0","silinmis":"0","id":"344" },
    { "ttid":"3","numara":"56","saat":74790,"run":"6","dizi":"4","hatid":"0","silinmis":"0","id":"345" },
    { "ttid":"3","numara":"57","saat":75335,"run":"2","dizi":"4","hatid":"0","silinmis":"0","id":"346" },
    { "ttid":"3","numara":"73","saat":75880,"run":"8","dizi":"4","hatid":"0","silinmis":"0","id":"347" },
    { "ttid":"3","numara":"72","saat":76425,"run":"7","dizi":"4","hatid":"0","silinmis":"0","id":"348" },
    { "ttid":"3","numara":"51","saat":76970,"run":"9","dizi":"4","hatid":"0","silinmis":"0","id":"349" },
    { "ttid":"3","numara":"52","saat":77515,"run":"6","dizi":"4","hatid":"0","silinmis":"0","id":"350" },
    { "ttid":"3","numara":"74","saat":78060,"run":"2","dizi":"4","hatid":"0","silinmis":"0","id":"351" },
    { "ttid":"3","numara":"53","saat":78605,"run":"8","dizi":"4","hatid":"0","silinmis":"0","id":"352" },
    { "ttid":"3","numara":"54","saat":79150,"run":"7","dizi":"4","hatid":"0","silinmis":"0","id":"353" },
    { "ttid":"3","numara":"55","saat":79695,"run":"9","dizi":"4","hatid":"0","silinmis":"0","id":"354" },
    { "ttid":"3","numara":"56","saat":80240,"run":"6","dizi":"4","hatid":"0","silinmis":"0","id":"355" },
    { "ttid":"3","numara":"57","saat":80765,"run":"2","dizi":"4","hatid":"0","silinmis":"0","id":"356" },
    { "ttid":"3","numara":"51","saat":81390,"run":"8","dizi":"4","hatid":"0","silinmis":"0","id":"357" },
    { "ttid":"3","numara":"52","saat":82015,"run":"7","dizi":"4","hatid":"0","silinmis":"0","id":"358" },
    { "ttid":"3","numara":"53","saat":82640,"run":"9","dizi":"4","hatid":"0","silinmis":"0","id":"359" },
    { "ttid":"3","numara":"54","saat":83265,"run":"6","dizi":"4","hatid":"0","silinmis":"0","id":"360" },
    { "ttid":"3","numara":"55","saat":83890,"run":"2","dizi":"4","hatid":"0","silinmis":"0","id":"361" },
    { "ttid":"3","numara":"56","saat":84515,"run":"8","dizi":"4","hatid":"0","silinmis":"0","id":"362" },
    { "ttid":"3","numara":"57","saat":86040,"run":"7","dizi":"4","hatid":"0","silinmis":"0","id":"363" }, 
	{ "ttid":"3","numara":"51","saat":86665,"run":"9","dizi":"4","hatid":"0","silinmis":"0","id":"364" }
	],
	"sonistasyon" : [
	{ "ttid":"1","numara":"204","saat":22546,"run":"5","dizi":"4","hatid":"0","silinmis":"0","id":"108" },
	{ "ttid":"1","numara":"205","saat":23205,"run":"1","dizi":"4","hatid":"0","silinmis":"0","id":"109" },
	{ "ttid":"1","numara":"206","saat":23816,"run":"2","dizi":"4","hatid":"0","silinmis":"0","id":"110" },
	{ "ttid":"1","numara":"201","saat":24427,"run":"3","dizi":"4","hatid":"0","silinmis":"0","id":"111" },
	{ "ttid":"1","numara":"202","saat":25038,"run":"4","dizi":"4","hatid":"0","silinmis":"0","id":"112" },
	{ "ttid":"1","numara":"203","saat":25649,"run":"5","dizi":"4","hatid":"0","silinmis":"0","id":"113" },
	{ "ttid":"1","numara":"204","saat":26260,"run":"1","dizi":"4","hatid":"0","silinmis":"0","id":"114" },
	{ "ttid":"1","numara":"221","saat":26871,"run":"2","dizi":"4","hatid":"0","silinmis":"0","id":"115" },
	{ "ttid":"1","numara":"205","saat":27482,"run":"3","dizi":"4","hatid":"0","silinmis":"0","id":"116" },
	{ "ttid":"1","numara":"206","saat":28093,"run":"4","dizi":"4","hatid":"0","silinmis":"0","id":"117" },
	{ "ttid":"1","numara":"222","saat":28704,"run":"5","dizi":"4","hatid":"0","silinmis":"0","id":"118" },
	{ "ttid":"1","numara":"223","saat":29315,"run":"1","dizi":"4","hatid":"0","silinmis":"0","id":"119" },
	{ "ttid":"1","numara":"201","saat":29926,"run":"2","dizi":"4","hatid":"0","silinmis":"0","id":"120" },
	{ "ttid":"1","numara":"202","saat":30537,"run":"3","dizi":"4","hatid":"0","silinmis":"0","id":"121" },
	{ "ttid":"1","numara":"203","saat":31148,"run":"4","dizi":"4","hatid":"0","silinmis":"0","id":"122" },
	{ "ttid":"1","numara":"204","saat":31759,"run":"5","dizi":"4","hatid":"0","silinmis":"0","id":"123" },
	{ "ttid":"1","numara":"221","saat":32370,"run":"1","dizi":"4","hatid":"0","silinmis":"0","id":"124" },
	{ "ttid":"1","numara":"205","saat":32981,"run":"2","dizi":"4","hatid":"0","silinmis":"0","id":"125" },
	{ "ttid":"1","numara":"206","saat":33592,"run":"3","dizi":"4","hatid":"0","silinmis":"0","id":"126" },
	{ "ttid":"1","numara":"222","saat":34203,"run":"4","dizi":"4","hatid":"0","silinmis":"0","id":"127" },
	{ "ttid":"1","numara":"223","saat":34814,"run":"5","dizi":"4","hatid":"0","silinmis":"0","id":"128" },
	{ "ttid":"1","numara":"201","saat":35425,"run":"1","dizi":"4","hatid":"0","silinmis":"0","id":"129" },
	{ "ttid":"1","numara":"202","saat":36036,"run":"2","dizi":"4","hatid":"0","silinmis":"0","id":"130" },
	{ "ttid":"1","numara":"203","saat":36647,"run":"3","dizi":"4","hatid":"0","silinmis":"0","id":"131" },
	{ "ttid":"1","numara":"204","saat":37258,"run":"4","dizi":"4","hatid":"0","silinmis":"0","id":"132" },
	{ "ttid":"1","numara":"221","saat":37869,"run":"5","dizi":"4","hatid":"0","silinmis":"0","id":"133" },
	{ "ttid":"1","numara":"205","saat":38480,"run":"1","dizi":"4","hatid":"0","silinmis":"0","id":"134" },
	{ "ttid":"1","numara":"206","saat":39091,"run":"2","dizi":"4","hatid":"0","silinmis":"0","id":"135" },
	{ "ttid":"1","numara":"222","saat":39702,"run":"3","dizi":"4","hatid":"0","silinmis":"0","id":"136" },
	{ "ttid":"1","numara":"223","saat":40313,"run":"4","dizi":"4","hatid":"0","silinmis":"0","id":"137" },
	{ "ttid":"1","numara":"201","saat":40924,"run":"5","dizi":"4","hatid":"0","silinmis":"0","id":"138" },
	{ "ttid":"1","numara":"202","saat":41535,"run":"1","dizi":"4","hatid":"0","silinmis":"0","id":"139" },
	{ "ttid":"1","numara":"203","saat":42146,"run":"2","dizi":"4","hatid":"0","silinmis":"0","id":"140" },
	{ "ttid":"1","numara":"204","saat":42757,"run":"3","dizi":"4","hatid":"0","silinmis":"0","id":"141" },
	{ "ttid":"1","numara":"221","saat":43368,"run":"4","dizi":"4","hatid":"0","silinmis":"0","id":"142" },
	{ "ttid":"1","numara":"205","saat":43979,"run":"5","dizi":"4","hatid":"0","silinmis":"0","id":"143" },
	{ "ttid":"1","numara":"206","saat":44590,"run":"1","dizi":"4","hatid":"0","silinmis":"0","id":"144" },
	{ "ttid":"1","numara":"222","saat":45201,"run":"2","dizi":"4","hatid":"0","silinmis":"0","id":"145" },
	{ "ttid":"1","numara":"223","saat":45812,"run":"3","dizi":"4","hatid":"0","silinmis":"0","id":"146" },
	{ "ttid":"1","numara":"201","saat":46423,"run":"4","dizi":"4","hatid":"0","silinmis":"0","id":"147" },
	{ "ttid":"1","numara":"202","saat":47034,"run":"5","dizi":"4","hatid":"0","silinmis":"0","id":"148" },
	{ "ttid":"1","numara":"203","saat":47645,"run":"1","dizi":"4","hatid":"0","silinmis":"0","id":"149" },
	{ "ttid":"1","numara":"204","saat":48256,"run":"2","dizi":"4","hatid":"0","silinmis":"0","id":"150" },
	{ "ttid":"1","numara":"205","saat":48867,"run":"3","dizi":"4","hatid":"0","silinmis":"0","id":"151" },
	{ "ttid":"1","numara":"271","saat":49478,"run":"4","dizi":"4","hatid":"0","silinmis":"0","id":"152" },
	{ "ttid":"1","numara":"272","saat":50089,"run":"5","dizi":"4","hatid":"0","silinmis":"0","id":"153" },
	{ "ttid":"1","numara":"221","saat":50700,"run":"1","dizi":"4","hatid":"0","silinmis":"0","id":"154" },
	{ "ttid":"1","numara":"222","saat":51311,"run":"2","dizi":"4","hatid":"0","silinmis":"0","id":"155" },
	{ "ttid":"1","numara":"273","saat":51922,"run":"3","dizi":"4","hatid":"0","silinmis":"0","id":"156" },
	{ "ttid":"1","numara":"223","saat":52533,"run":"4","dizi":"4","hatid":"0","silinmis":"0","id":"157" },
	{ "ttid":"1","numara":"DP1","saat":53144,"run":"5","dizi":"4","hatid":"0","silinmis":"0","id":"158" },
	{ "ttid":"1","numara":"271","saat":53755,"run":"1","dizi":"4","hatid":"0","silinmis":"0","id":"159" },
	{ "ttid":"1","numara":"272","saat":54366,"run":"2","dizi":"4","hatid":"0","silinmis":"0","id":"160" },
	{ "ttid":"1","numara":"221","saat":54977,"run":"3","dizi":"4","hatid":"0","silinmis":"0","id":"161" },
	{ "ttid":"1","numara":"222","saat":55588,"run":"4","dizi":"4","hatid":"0","silinmis":"0","id":"162" },
	{ "ttid":"1","numara":"273","saat":56199,"run":"5","dizi":"4","hatid":"0","silinmis":"0","id":"163" },
	{ "ttid":"1","numara":"223","saat":56810,"run":"1","dizi":"4","hatid":"0","silinmis":"0","id":"164" },
	{ "ttid":"1","numara":"DP1","saat":57421,"run":"2","dizi":"4","hatid":"0","silinmis":"0","id":"165" },
	{ "ttid":"1","numara":"271","saat":58032,"run":"3","dizi":"4","hatid":"0","silinmis":"0","id":"166" },
	{ "ttid":"1","numara":"272","saat":58643,"run":"4","dizi":"4","hatid":"0","silinmis":"0","id":"167" },
	{ "ttid":"1","numara":"251","saat":59254,"run":"5","dizi":"4","hatid":"0","silinmis":"0","id":"168" },
	{ "ttid":"1","numara":"252","saat":59865,"run":"1","dizi":"4","hatid":"0","silinmis":"0","id":"169" },
	{ "ttid":"1","numara":"253","saat":60476,"run":"2","dizi":"4","hatid":"0","silinmis":"0","id":"170" },
	{ "ttid":"1","numara":"254","saat":61087,"run":"3","dizi":"4","hatid":"0","silinmis":"0","id":"171" },
	{ "ttid":"1","numara":"255","saat":61698,"run":"4","dizi":"4","hatid":"0","silinmis":"0","id":"172" },
	{ "ttid":"1","numara":"256","saat":62309,"run":"5","dizi":"4","hatid":"0","silinmis":"0","id":"173" },
	{ "ttid":"1","numara":"273","saat":62920,"run":"1","dizi":"4","hatid":"0","silinmis":"0","id":"174" },
	{ "ttid":"1","numara":"DP2","saat":63531,"run":"2","dizi":"4","hatid":"0","silinmis":"0","id":"175" },
	{ "ttid":"1","numara":"271","saat":64142,"run":"3","dizi":"4","hatid":"0","silinmis":"0","id":"176" },
	{ "ttid":"1","numara":"272","saat":64753,"run":"4","dizi":"4","hatid":"0","silinmis":"0","id":"177" },
	{ "ttid":"1","numara":"251","saat":65364,"run":"5","dizi":"4","hatid":"0","silinmis":"0","id":"178" },
	{ "ttid":"1","numara":"252","saat":65975,"run":"1","dizi":"4","hatid":"0","silinmis":"0","id":"179" },
	{ "ttid":"1","numara":"253","saat":66586,"run":"2","dizi":"4","hatid":"0","silinmis":"0","id":"180" },
	{ "ttid":"1","numara":"254","saat":67197,"run":"3","dizi":"4","hatid":"0","silinmis":"0","id":"181" },
	{ "ttid":"1","numara":"255","saat":67808,"run":"4","dizi":"4","hatid":"0","silinmis":"0","id":"182" },
	{ "ttid":"1","numara":"256","saat":68419,"run":"5","dizi":"4","hatid":"0","silinmis":"0","id":"183" },
	{ "ttid":"1","numara":"273","saat":69030,"run":"1","dizi":"4","hatid":"0","silinmis":"0","id":"184" },
	{ "ttid":"1","numara":"DP2","saat":69641,"run":"2","dizi":"4","hatid":"0","silinmis":"0","id":"185" },
	{ "ttid":"1","numara":"271","saat":70252,"run":"3","dizi":"4","hatid":"0","silinmis":"0","id":"186" },
	{ "ttid":"1","numara":"272","saat":70863,"run":"4","dizi":"4","hatid":"0","silinmis":"0","id":"187" },
	{ "ttid":"1","numara":"251","saat":71474,"run":"5","dizi":"4","hatid":"0","silinmis":"0","id":"188" },
	{ "ttid":"1","numara":"252","saat":72085,"run":"1","dizi":"4","hatid":"0","silinmis":"0","id":"189" },
	{ "ttid":"1","numara":"253","saat":72696,"run":"2","dizi":"4","hatid":"0","silinmis":"0","id":"190" },
	{ "ttid":"1","numara":"254","saat":73307,"run":"3","dizi":"4","hatid":"0","silinmis":"0","id":"191" },
	{ "ttid":"1","numara":"255","saat":73918,"run":"4","dizi":"4","hatid":"0","silinmis":"0","id":"192" },
	{ "ttid":"1","numara":"256","saat":74529,"run":"5","dizi":"4","hatid":"0","silinmis":"0","id":"193" },
	{ "ttid":"1","numara":"273","saat":75140,"run":"1","dizi":"4","hatid":"0","silinmis":"0","id":"194" },
	{ "ttid":"1","numara":"271","saat":75751,"run":"2","dizi":"4","hatid":"0","silinmis":"0","id":"195" },
	{ "ttid":"1","numara":"272","saat":76362,"run":"3","dizi":"4","hatid":"0","silinmis":"0","id":"196" },
	{ "ttid":"1","numara":"251","saat":76973,"run":"4","dizi":"4","hatid":"0","silinmis":"0","id":"197" },
	{ "ttid":"1","numara":"252","saat":77584,"run":"5","dizi":"4","hatid":"0","silinmis":"0","id":"198" },
	{ "ttid":"1","numara":"253","saat":78195,"run":"1","dizi":"4","hatid":"0","silinmis":"0","id":"199" },
	{ "ttid":"1","numara":"254","saat":78806,"run":"2","dizi":"4","hatid":"0","silinmis":"0","id":"200" },
	{ "ttid":"1","numara":"255","saat":79417,"run":"3","dizi":"4","hatid":"0","silinmis":"0","id":"201" },
	{ "ttid":"1","numara":"256","saat":80028,"run":"4","dizi":"4","hatid":"0","silinmis":"0","id":"202" },
	{ "ttid":"1","numara":"273","saat":80639,"run":"5","dizi":"4","hatid":"0","silinmis":"0","id":"203" },
	{ "ttid":"1","numara":"251","saat":81250,"run":"1","dizi":"4","hatid":"0","silinmis":"0","id":"204" },
	{ "ttid":"1","numara":"252","saat":81861,"run":"2","dizi":"4","hatid":"0","silinmis":"0","id":"205" },
	{ "ttid":"1","numara":"253","saat":82472,"run":"3","dizi":"4","hatid":"0","silinmis":"0","id":"206" },
	{ "ttid":"1","numara":"254","saat":83083,"run":"4","dizi":"4","hatid":"0","silinmis":"0","id":"207" },
	{ "ttid":"1","numara":"255","saat":83694,"run":"5","dizi":"4","hatid":"0","silinmis":"0","id":"208" },
	{ "ttid":"1","numara":"256","saat":84305,"run":"1","dizi":"4","hatid":"0","silinmis":"0","id":"209" },
	{ "ttid":"1","numara":"251","saat":84916,"run":"2","dizi":"4","hatid":"0","silinmis":"0","id":"210" },
	{ "ttid":"1","numara":"252","saat":85527,"run":"3","dizi":"4","hatid":"0","silinmis":"0","id":"211" },
	{ "ttid":"1","numara":"253","saat":86405,"run":"4","dizi":"4","hatid":"0","silinmis":"0","id":"212" },	
	
	{ "ttid":"2","numara":"5","saat":22708,"run":"6","dizi":"4","hatid":"0","silinmis":"0","id":"123" },
	{ "ttid":"2","numara":"6","saat":23239,"run":"1","dizi":"4","hatid":"0","silinmis":"0","id":"124" },
	{ "ttid":"2","numara":"7","saat":23759,"run":"2","dizi":"4","hatid":"0","silinmis":"0","id":"125" },
	{ "ttid":"2","numara":"1","saat":24279,"run":"3","dizi":"4","hatid":"0","silinmis":"0","id":"126" },
	{ "ttid":"2","numara":"2","saat":24799,"run":"4","dizi":"4","hatid":"0","silinmis":"0","id":"127" },
	{ "ttid":"2","numara":"3","saat":25319,"run":"5","dizi":"4","hatid":"0","silinmis":"0","id":"128" },
	{ "ttid":"2","numara":"4","saat":25839,"run":"6","dizi":"4","hatid":"0","silinmis":"0","id":"129" },
	{ "ttid":"2","numara":"5","saat":26359,"run":"1","dizi":"4","hatid":"0","silinmis":"0","id":"130" },
	{ "ttid":"2","numara":"6","saat":26879,"run":"2","dizi":"4","hatid":"0","silinmis":"0","id":"131" },
	{ "ttid":"2","numara":"21","saat":27399,"run":"3","dizi":"4","hatid":"0","silinmis":"0","id":"132" },
	{ "ttid":"2","numara":"7","saat":27844,"run":"7","dizi":"4","hatid":"0","silinmis":"0","id":"133" },
	{ "ttid":"2","numara":"1","saat":28289,"run":"4","dizi":"4","hatid":"0","silinmis":"0","id":"134" },
	{ "ttid":"2","numara":"23","saat":28734,"run":"5","dizi":"4","hatid":"0","silinmis":"0","id":"135" },
	{ "ttid":"2","numara":"2","saat":29179,"run":"6","dizi":"4","hatid":"0","silinmis":"0","id":"136" },
	{ "ttid":"2","numara":"3","saat":29624,"run":"1","dizi":"4","hatid":"0","silinmis":"0","id":"137" },
	{ "ttid":"2","numara":"4","saat":30069,"run":"2","dizi":"4","hatid":"0","silinmis":"0","id":"138" },
	{ "ttid":"2","numara":"22","saat":30514,"run":"3","dizi":"4","hatid":"0","silinmis":"0","id":"139" },
	{ "ttid":"2","numara":"5","saat":30959,"run":"7","dizi":"4","hatid":"0","silinmis":"0","id":"140" },
	{ "ttid":"2","numara":"6","saat":31404,"run":"4","dizi":"4","hatid":"0","silinmis":"0","id":"141" },
	{ "ttid":"2","numara":"21","saat":31849,"run":"5","dizi":"4","hatid":"0","silinmis":"0","id":"142" },
	{ "ttid":"2","numara":"7","saat":32294,"run":"6","dizi":"4","hatid":"0","silinmis":"0","id":"143" },
	{ "ttid":"2","numara":"1","saat":32739,"run":"1","dizi":"4","hatid":"0","silinmis":"0","id":"144" },
	{ "ttid":"2","numara":"23","saat":33184,"run":"2","dizi":"4","hatid":"0","silinmis":"0","id":"145" },
	{ "ttid":"2","numara":"2","saat":33809,"run":"3","dizi":"4","hatid":"0","silinmis":"0","id":"146" },
	{ "ttid":"2","numara":"3","saat":34434,"run":"7","dizi":"4","hatid":"0","silinmis":"0","id":"147" },
	{ "ttid":"2","numara":"4","saat":35059,"run":"5","dizi":"4","hatid":"0","silinmis":"0","id":"148" },
	{ "ttid":"2","numara":"22","saat":35684,"run":"6","dizi":"4","hatid":"0","silinmis":"0","id":"149" },
	{ "ttid":"2","numara":"5","saat":36309,"run":"2","dizi":"4","hatid":"0","silinmis":"0","id":"150" },
	{ "ttid":"2","numara":"6","saat":36934,"run":"3","dizi":"4","hatid":"0","silinmis":"0","id":"151" },
	{ "ttid":"2","numara":"21","saat":37559,"run":"7","dizi":"4","hatid":"0","silinmis":"0","id":"152" },
	{ "ttid":"2","numara":"7","saat":38184,"run":"5","dizi":"4","hatid":"0","silinmis":"0","id":"153" },
	{ "ttid":"2","numara":"1","saat":38809,"run":"6","dizi":"4","hatid":"0","silinmis":"0","id":"154" },
	{ "ttid":"2","numara":"23","saat":39434,"run":"2","dizi":"4","hatid":"0","silinmis":"0","id":"155" },
	{ "ttid":"2","numara":"2","saat":40059,"run":"3","dizi":"4","hatid":"0","silinmis":"0","id":"156" },
	{ "ttid":"2","numara":"3","saat":40684,"run":"7","dizi":"4","hatid":"0","silinmis":"0","id":"157" },
	{ "ttid":"2","numara":"4","saat":41309,"run":"5","dizi":"4","hatid":"0","silinmis":"0","id":"158" },
	{ "ttid":"2","numara":"22","saat":41934,"run":"6","dizi":"4","hatid":"0","silinmis":"0","id":"159" },
	{ "ttid":"2","numara":"5","saat":42559,"run":"2","dizi":"4","hatid":"0","silinmis":"0","id":"160" },
	{ "ttid":"2","numara":"6","saat":43184,"run":"3","dizi":"4","hatid":"0","silinmis":"0","id":"161" },
	{ "ttid":"2","numara":"21","saat":43809,"run":"7","dizi":"4","hatid":"0","silinmis":"0","id":"162" },
	{ "ttid":"2","numara":"1","saat":44434,"run":"5","dizi":"4","hatid":"0","silinmis":"0","id":"163" },
	{ "ttid":"2","numara":"7","saat":45059,"run":"6","dizi":"4","hatid":"0","silinmis":"0","id":"164" },
	{ "ttid":"2","numara":"2","saat":45684,"run":"2","dizi":"4","hatid":"0","silinmis":"0","id":"165" },
	{ "ttid":"2","numara":"3","saat":46309,"run":"3","dizi":"4","hatid":"0","silinmis":"0","id":"166" },
	{ "ttid":"2","numara":"4","saat":46934,"run":"7","dizi":"4","hatid":"0","silinmis":"0","id":"167" },
	{ "ttid":"2","numara":"5","saat":47559,"run":"5","dizi":"4","hatid":"0","silinmis":"0","id":"168" },
	{ "ttid":"2","numara":"6","saat":48184,"run":"6","dizi":"4","hatid":"0","silinmis":"0","id":"169" },
	{ "ttid":"2","numara":"1","saat":48809,"run":"2","dizi":"4","hatid":"0","silinmis":"0","id":"170" },
	{ "ttid":"2","numara":"23","saat":49434,"run":"3","dizi":"4","hatid":"0","silinmis":"0","id":"171" },
	{ "ttid":"2","numara":"22","saat":50059,"run":"7","dizi":"4","hatid":"0","silinmis":"0","id":"172" },
	{ "ttid":"2","numara":"71","saat":50684,"run":"5","dizi":"4","hatid":"0","silinmis":"0","id":"173" },
	{ "ttid":"2","numara":"21","saat":51309,"run":"6","dizi":"4","hatid":"0","silinmis":"0","id":"174" },
	{ "ttid":"2","numara":"72","saat":51934,"run":"2","dizi":"4","hatid":"0","silinmis":"0","id":"175" },
	{ "ttid":"2","numara":"73","saat":52559,"run":"3","dizi":"4","hatid":"0","silinmis":"0","id":"176" },
	{ "ttid":"2","numara":"74","saat":53184,"run":"7","dizi":"4","hatid":"0","silinmis":"0","id":"177" },
	{ "ttid":"2","numara":"23","saat":53809,"run":"5","dizi":"4","hatid":"0","silinmis":"0","id":"178" },
	{ "ttid":"2","numara":"22","saat":54434,"run":"6","dizi":"4","hatid":"0","silinmis":"0","id":"179" },
	{ "ttid":"2","numara":"71","saat":55059,"run":"2","dizi":"4","hatid":"0","silinmis":"0","id":"180" },
	{ "ttid":"2","numara":"21","saat":55684,"run":"3","dizi":"4","hatid":"0","silinmis":"0","id":"181" },
	{ "ttid":"2","numara":"72","saat":56309,"run":"7","dizi":"4","hatid":"0","silinmis":"0","id":"182" },
	{ "ttid":"2","numara":"73","saat":56934,"run":"5","dizi":"4","hatid":"0","silinmis":"0","id":"183" },
	{ "ttid":"2","numara":"74","saat":57559,"run":"6","dizi":"4","hatid":"0","silinmis":"0","id":"184" },
	{ "ttid":"2","numara":"23","saat":58184,"run":"2","dizi":"4","hatid":"0","silinmis":"0","id":"185" },
	{ "ttid":"2","numara":"22","saat":58629,"run":"8","dizi":"4","hatid":"0","silinmis":"0","id":"186" },
	{ "ttid":"2","numara":"71","saat":59074,"run":"3","dizi":"4","hatid":"0","silinmis":"0","id":"187" },
	{ "ttid":"2","numara":"51","saat":59519,"run":"7","dizi":"4","hatid":"0","silinmis":"0","id":"188" },
	{ "ttid":"2","numara":"52","saat":59964,"run":"9","dizi":"4","hatid":"0","silinmis":"0","id":"189" },
	{ "ttid":"2","numara":"53","saat":60409,"run":"5","dizi":"4","hatid":"0","silinmis":"0","id":"190" },
	{ "ttid":"2","numara":"54","saat":60854,"run":"6","dizi":"4","hatid":"0","silinmis":"0","id":"191" },
	{ "ttid":"2","numara":"55","saat":61299,"run":"2","dizi":"4","hatid":"0","silinmis":"0","id":"192" },
	{ "ttid":"2","numara":"56","saat":61744,"run":"8","dizi":"4","hatid":"0","silinmis":"0","id":"193" },
	{ "ttid":"2","numara":"57","saat":62189,"run":"3","dizi":"4","hatid":"0","silinmis":"0","id":"194" },
	{ "ttid":"2","numara":"72","saat":62634,"run":"7","dizi":"4","hatid":"0","silinmis":"0","id":"195" },
	{ "ttid":"2","numara":"73","saat":63079,"run":"9","dizi":"4","hatid":"0","silinmis":"0","id":"196" },
	{ "ttid":"2","numara":"71","saat":63524,"run":"5","dizi":"4","hatid":"0","silinmis":"0","id":"197" },
	{ "ttid":"2","numara":"51","saat":63969,"run":"6","dizi":"4","hatid":"0","silinmis":"0","id":"198" },
	{ "ttid":"2","numara":"74","saat":64414,"run":"2","dizi":"4","hatid":"0","silinmis":"0","id":"199" },
	{ "ttid":"2","numara":"52","saat":64859,"run":"8","dizi":"4","hatid":"0","silinmis":"0","id":"200" },
	{ "ttid":"2","numara":"53","saat":65304,"run":"3","dizi":"4","hatid":"0","silinmis":"0","id":"201" },
	{ "ttid":"2","numara":"54","saat":65749,"run":"7","dizi":"4","hatid":"0","silinmis":"0","id":"202" },
	{ "ttid":"2","numara":"55","saat":66194,"run":"9","dizi":"4","hatid":"0","silinmis":"0","id":"203" },
	{ "ttid":"2","numara":"56","saat":66639,"run":"5","dizi":"4","hatid":"0","silinmis":"0","id":"204" },
	{ "ttid":"2","numara":"57","saat":67084,"run":"6","dizi":"4","hatid":"0","silinmis":"0","id":"205" },
	{ "ttid":"2","numara":"72","saat":67529,"run":"2","dizi":"4","hatid":"0","silinmis":"0","id":"206" },
	{ "ttid":"2","numara":"73","saat":67974,"run":"8","dizi":"4","hatid":"0","silinmis":"0","id":"207" },
	{ "ttid":"2","numara":"71","saat":68419,"run":"3","dizi":"4","hatid":"0","silinmis":"0","id":"208" },
	{ "ttid":"2","numara":"51","saat":68864,"run":"7","dizi":"4","hatid":"0","silinmis":"0","id":"209" },
	{ "ttid":"2","numara":"74","saat":69309,"run":"9","dizi":"4","hatid":"0","silinmis":"0","id":"210" },
	{ "ttid":"2","numara":"52","saat":69754,"run":"5","dizi":"4","hatid":"0","silinmis":"0","id":"211" },
	{ "ttid":"2","numara":"53","saat":70199,"run":"6","dizi":"4","hatid":"0","silinmis":"0","id":"212" },
	{ "ttid":"2","numara":"54","saat":70644,"run":"2","dizi":"4","hatid":"0","silinmis":"0","id":"213" },
	{ "ttid":"2","numara":"55","saat":71089,"run":"8","dizi":"4","hatid":"0","silinmis":"0","id":"214" },
	{ "ttid":"2","numara":"56","saat":71534,"run":"3","dizi":"4","hatid":"0","silinmis":"0","id":"215" },
	{ "ttid":"2","numara":"57","saat":71979,"run":"7","dizi":"4","hatid":"0","silinmis":"0","id":"216" },
	{ "ttid":"2","numara":"72","saat":72424,"run":"9","dizi":"4","hatid":"0","silinmis":"0","id":"217" },
	{ "ttid":"2","numara":"73","saat":72869,"run":"5","dizi":"4","hatid":"0","silinmis":"0","id":"218" },
	{ "ttid":"2","numara":"71","saat":73314,"run":"6","dizi":"4","hatid":"0","silinmis":"0","id":"219" },
	{ "ttid":"2","numara":"51","saat":73759,"run":"2","dizi":"4","hatid":"0","silinmis":"0","id":"220" },
	{ "ttid":"2","numara":"74","saat":74204,"run":"8","dizi":"4","hatid":"0","silinmis":"0","id":"221" },
	{ "ttid":"2","numara":"52","saat":74649,"run":"3","dizi":"4","hatid":"0","silinmis":"0","id":"222" },
	{ "ttid":"2","numara":"53","saat":75094,"run":"7","dizi":"4","hatid":"0","silinmis":"0","id":"223" },
	{ "ttid":"2","numara":"54","saat":75539,"run":"9","dizi":"4","hatid":"0","silinmis":"0","id":"224" },
	{ "ttid":"2","numara":"55","saat":75984,"run":"5","dizi":"4","hatid":"0","silinmis":"0","id":"225" },
	{ "ttid":"2","numara":"56","saat":76429,"run":"6","dizi":"4","hatid":"0","silinmis":"0","id":"226" },
	{ "ttid":"2","numara":"57","saat":77054,"run":"2","dizi":"4","hatid":"0","silinmis":"0","id":"227" },
	{ "ttid":"2","numara":"73","saat":77679,"run":"8","dizi":"4","hatid":"0","silinmis":"0","id":"228" },
	{ "ttid":"2","numara":"72","saat":78304,"run":"7","dizi":"4","hatid":"0","silinmis":"0","id":"229" },
	{ "ttid":"2","numara":"51","saat":78929,"run":"9","dizi":"4","hatid":"0","silinmis":"0","id":"230" },
	{ "ttid":"2","numara":"52","saat":79554,"run":"6","dizi":"4","hatid":"0","silinmis":"0","id":"231" },
	{ "ttid":"2","numara":"74","saat":80179,"run":"2","dizi":"4","hatid":"0","silinmis":"0","id":"232" },
	{ "ttid":"2","numara":"53","saat":80804,"run":"8","dizi":"4","hatid":"0","silinmis":"0","id":"233" },
	{ "ttid":"2","numara":"54","saat":81429,"run":"7","dizi":"4","hatid":"0","silinmis":"0","id":"234" },
	{ "ttid":"2","numara":"55","saat":82054,"run":"9","dizi":"4","hatid":"0","silinmis":"0","id":"235" },
	{ "ttid":"2","numara":"56","saat":82679,"run":"6","dizi":"4","hatid":"0","silinmis":"0","id":"236" },
	{ "ttid":"2","numara":"57","saat":83304,"run":"2","dizi":"4","hatid":"0","silinmis":"0","id":"237" },
	{ "ttid":"2","numara":"51","saat":83929,"run":"8","dizi":"4","hatid":"0","silinmis":"0","id":"238" },
	{ "ttid":"2","numara":"52","saat":84554,"run":"7","dizi":"4","hatid":"0","silinmis":"0","id":"239" },
	{ "ttid":"2","numara":"53","saat":85179,"run":"9","dizi":"4","hatid":"0","silinmis":"0","id":"240" },
	{ "ttid":"2","numara":"54","saat":85804,"run":"6","dizi":"4","hatid":"0","silinmis":"0","id":"241" },
	{ "ttid":"2","numara":"55","saat":86429,"run":"2","dizi":"4","hatid":"0","silinmis":"0","id":"242" },
	
	{ "ttid":"3","numara":"5","saat":22708,"run":"6","dizi":"4","hatid":"0","silinmis":"0","id":"365" },
	{ "ttid":"3","numara":"6","saat":23239,"run":"1","dizi":"4","hatid":"0","silinmis":"0","id":"366" },
	{ "ttid":"3","numara":"7","saat":23759,"run":"2","dizi":"4","hatid":"0","silinmis":"0","id":"367" },
	{ "ttid":"3","numara":"1","saat":24279,"run":"3","dizi":"4","hatid":"0","silinmis":"0","id":"368" },
	{ "ttid":"3","numara":"2","saat":24799,"run":"4","dizi":"4","hatid":"0","silinmis":"0","id":"369" },
	{ "ttid":"3","numara":"3","saat":25319,"run":"5","dizi":"4","hatid":"0","silinmis":"0","id":"370" },
	{ "ttid":"3","numara":"4","saat":25839,"run":"6","dizi":"4","hatid":"0","silinmis":"0","id":"371" },
	{ "ttid":"3","numara":"5","saat":26359,"run":"1","dizi":"4","hatid":"0","silinmis":"0","id":"372" },
	{ "ttid":"3","numara":"6","saat":26879,"run":"2","dizi":"4","hatid":"0","silinmis":"0","id":"373" },
	{ "ttid":"3","numara":"21","saat":27399,"run":"3","dizi":"4","hatid":"0","silinmis":"0","id":"374" },
	{ "ttid":"3","numara":"7","saat":27844,"run":"7","dizi":"4","hatid":"0","silinmis":"0","id":"375" },
	{ "ttid":"3","numara":"1","saat":28289,"run":"4","dizi":"4","hatid":"0","silinmis":"0","id":"376" },
	{ "ttid":"3","numara":"23","saat":28734,"run":"5","dizi":"4","hatid":"0","silinmis":"0","id":"377" },
	{ "ttid":"3","numara":"2","saat":29179,"run":"6","dizi":"4","hatid":"0","silinmis":"0","id":"378" },
	{ "ttid":"3","numara":"3","saat":29624,"run":"1","dizi":"4","hatid":"0","silinmis":"0","id":"379" },
	{ "ttid":"3","numara":"4","saat":30069,"run":"2","dizi":"4","hatid":"0","silinmis":"0","id":"380" },
	{ "ttid":"3","numara":"22","saat":30514,"run":"3","dizi":"4","hatid":"0","silinmis":"0","id":"381" },
	{ "ttid":"3","numara":"5","saat":30959,"run":"7","dizi":"4","hatid":"0","silinmis":"0","id":"382" },
	{ "ttid":"3","numara":"6","saat":31404,"run":"4","dizi":"4","hatid":"0","silinmis":"0","id":"383" },
	{ "ttid":"3","numara":"21","saat":31849,"run":"5","dizi":"4","hatid":"0","silinmis":"0","id":"384" },
	{ "ttid":"3","numara":"7","saat":32294,"run":"6","dizi":"4","hatid":"0","silinmis":"0","id":"385" },
	{ "ttid":"3","numara":"1","saat":32739,"run":"1","dizi":"4","hatid":"0","silinmis":"0","id":"386" },
	{ "ttid":"3","numara":"23","saat":33184,"run":"2","dizi":"4","hatid":"0","silinmis":"0","id":"387" },
	{ "ttid":"3","numara":"2","saat":33809,"run":"3","dizi":"4","hatid":"0","silinmis":"0","id":"388" },
	{ "ttid":"3","numara":"3","saat":34434,"run":"7","dizi":"4","hatid":"0","silinmis":"0","id":"389" },
	{ "ttid":"3","numara":"4","saat":35059,"run":"5","dizi":"4","hatid":"0","silinmis":"0","id":"390" },
	{ "ttid":"3","numara":"22","saat":35684,"run":"6","dizi":"4","hatid":"0","silinmis":"0","id":"391" },
	{ "ttid":"3","numara":"5","saat":36309,"run":"2","dizi":"4","hatid":"0","silinmis":"0","id":"392" },
	{ "ttid":"3","numara":"6","saat":36934,"run":"3","dizi":"4","hatid":"0","silinmis":"0","id":"393" },
	{ "ttid":"3","numara":"21","saat":37559,"run":"7","dizi":"4","hatid":"0","silinmis":"0","id":"394" },
	{ "ttid":"3","numara":"7","saat":38184,"run":"5","dizi":"4","hatid":"0","silinmis":"0","id":"395" },
	{ "ttid":"3","numara":"1","saat":38809,"run":"6","dizi":"4","hatid":"0","silinmis":"0","id":"396" },
	{ "ttid":"3","numara":"23","saat":39434,"run":"2","dizi":"4","hatid":"0","silinmis":"0","id":"397" },
	{ "ttid":"3","numara":"2","saat":40059,"run":"3","dizi":"4","hatid":"0","silinmis":"0","id":"398" },
	{ "ttid":"3","numara":"3","saat":40684,"run":"7","dizi":"4","hatid":"0","silinmis":"0","id":"399" },
	{ "ttid":"3","numara":"4","saat":41309,"run":"5","dizi":"4","hatid":"0","silinmis":"0","id":"400" },
	{ "ttid":"3","numara":"22","saat":41934,"run":"6","dizi":"4","hatid":"0","silinmis":"0","id":"401" },
	{ "ttid":"3","numara":"5","saat":42559,"run":"2","dizi":"4","hatid":"0","silinmis":"0","id":"402" },
	{ "ttid":"3","numara":"6","saat":43184,"run":"3","dizi":"4","hatid":"0","silinmis":"0","id":"403" },
	{ "ttid":"3","numara":"21","saat":43809,"run":"7","dizi":"4","hatid":"0","silinmis":"0","id":"404" },
	{ "ttid":"3","numara":"1","saat":44434,"run":"5","dizi":"4","hatid":"0","silinmis":"0","id":"405" },
	{ "ttid":"3","numara":"7","saat":45059,"run":"6","dizi":"4","hatid":"0","silinmis":"0","id":"406" },
	{ "ttid":"3","numara":"2","saat":45684,"run":"2","dizi":"4","hatid":"0","silinmis":"0","id":"407" },
	{ "ttid":"3","numara":"3","saat":46309,"run":"3","dizi":"4","hatid":"0","silinmis":"0","id":"408" },
	{ "ttid":"3","numara":"4","saat":46934,"run":"7","dizi":"4","hatid":"0","silinmis":"0","id":"409" },
	{ "ttid":"3","numara":"5","saat":47559,"run":"5","dizi":"4","hatid":"0","silinmis":"0","id":"410" },
	{ "ttid":"3","numara":"6","saat":48184,"run":"6","dizi":"4","hatid":"0","silinmis":"0","id":"411" },
	{ "ttid":"3","numara":"1","saat":48809,"run":"2","dizi":"4","hatid":"0","silinmis":"0","id":"412" },
	{ "ttid":"3","numara":"23","saat":49434,"run":"3","dizi":"4","hatid":"0","silinmis":"0","id":"413" },
	{ "ttid":"3","numara":"22","saat":50059,"run":"7","dizi":"4","hatid":"0","silinmis":"0","id":"414" },
	{ "ttid":"3","numara":"71","saat":50684,"run":"5","dizi":"4","hatid":"0","silinmis":"0","id":"415" },
	{ "ttid":"3","numara":"21","saat":51309,"run":"6","dizi":"4","hatid":"0","silinmis":"0","id":"416" },
	{ "ttid":"3","numara":"72","saat":51934,"run":"2","dizi":"4","hatid":"0","silinmis":"0","id":"417" },
	{ "ttid":"3","numara":"73","saat":52559,"run":"3","dizi":"4","hatid":"0","silinmis":"0","id":"418" },
	{ "ttid":"3","numara":"74","saat":53184,"run":"7","dizi":"4","hatid":"0","silinmis":"0","id":"419" },
	{ "ttid":"3","numara":"23","saat":53809,"run":"5","dizi":"4","hatid":"0","silinmis":"0","id":"420" },
	{ "ttid":"3","numara":"22","saat":54434,"run":"6","dizi":"4","hatid":"0","silinmis":"0","id":"421" },
	{ "ttid":"3","numara":"71","saat":55059,"run":"2","dizi":"4","hatid":"0","silinmis":"0","id":"422" },
	{ "ttid":"3","numara":"21","saat":55684,"run":"3","dizi":"4","hatid":"0","silinmis":"0","id":"423" },
	{ "ttid":"3","numara":"72","saat":56309,"run":"7","dizi":"4","hatid":"0","silinmis":"0","id":"424" },
	{ "ttid":"3","numara":"73","saat":56934,"run":"5","dizi":"4","hatid":"0","silinmis":"0","id":"425" },
	{ "ttid":"3","numara":"74","saat":57559,"run":"6","dizi":"4","hatid":"0","silinmis":"0","id":"426" },
	{ "ttid":"3","numara":"23","saat":58184,"run":"2","dizi":"4","hatid":"0","silinmis":"0","id":"427" },
	{ "ttid":"3","numara":"22","saat":58629,"run":"8","dizi":"4","hatid":"0","silinmis":"0","id":"428" },
	{ "ttid":"3","numara":"71","saat":59074,"run":"3","dizi":"4","hatid":"0","silinmis":"0","id":"429" },
	{ "ttid":"3","numara":"51","saat":59519,"run":"7","dizi":"4","hatid":"0","silinmis":"0","id":"430" },
	{ "ttid":"3","numara":"52","saat":59964,"run":"9","dizi":"4","hatid":"0","silinmis":"0","id":"431" },
	{ "ttid":"3","numara":"53","saat":60409,"run":"5","dizi":"4","hatid":"0","silinmis":"0","id":"432" },
	{ "ttid":"3","numara":"54","saat":60854,"run":"6","dizi":"4","hatid":"0","silinmis":"0","id":"433" },
	{ "ttid":"3","numara":"55","saat":61299,"run":"2","dizi":"4","hatid":"0","silinmis":"0","id":"434" },
	{ "ttid":"3","numara":"56","saat":61744,"run":"8","dizi":"4","hatid":"0","silinmis":"0","id":"435" },
	{ "ttid":"3","numara":"57","saat":62189,"run":"3","dizi":"4","hatid":"0","silinmis":"0","id":"436" },
	{ "ttid":"3","numara":"72","saat":62634,"run":"7","dizi":"4","hatid":"0","silinmis":"0","id":"437" },
	{ "ttid":"3","numara":"73","saat":63079,"run":"9","dizi":"4","hatid":"0","silinmis":"0","id":"438" },
	{ "ttid":"3","numara":"71","saat":63524,"run":"5","dizi":"4","hatid":"0","silinmis":"0","id":"439" },
	{ "ttid":"3","numara":"51","saat":63969,"run":"6","dizi":"4","hatid":"0","silinmis":"0","id":"440" },
	{ "ttid":"3","numara":"74","saat":64414,"run":"2","dizi":"4","hatid":"0","silinmis":"0","id":"441" },
	{ "ttid":"3","numara":"52","saat":64859,"run":"8","dizi":"4","hatid":"0","silinmis":"0","id":"442" },
	{ "ttid":"3","numara":"53","saat":65304,"run":"3","dizi":"4","hatid":"0","silinmis":"0","id":"443" },
	{ "ttid":"3","numara":"54","saat":65749,"run":"7","dizi":"4","hatid":"0","silinmis":"0","id":"444" },
	{ "ttid":"3","numara":"55","saat":66194,"run":"9","dizi":"4","hatid":"0","silinmis":"0","id":"445" },
	{ "ttid":"3","numara":"56","saat":66639,"run":"5","dizi":"4","hatid":"0","silinmis":"0","id":"446" },
	{ "ttid":"3","numara":"57","saat":67084,"run":"6","dizi":"4","hatid":"0","silinmis":"0","id":"447" },
	{ "ttid":"3","numara":"72","saat":67529,"run":"2","dizi":"4","hatid":"0","silinmis":"0","id":"448" },
	{ "ttid":"3","numara":"73","saat":67974,"run":"8","dizi":"4","hatid":"0","silinmis":"0","id":"449" },
	{ "ttid":"3","numara":"71","saat":68419,"run":"3","dizi":"4","hatid":"0","silinmis":"0","id":"450" },
	{ "ttid":"3","numara":"51","saat":68864,"run":"7","dizi":"4","hatid":"0","silinmis":"0","id":"451" },
	{ "ttid":"3","numara":"74","saat":69309,"run":"9","dizi":"4","hatid":"0","silinmis":"0","id":"452" },
	{ "ttid":"3","numara":"52","saat":69754,"run":"5","dizi":"4","hatid":"0","silinmis":"0","id":"453" },
	{ "ttid":"3","numara":"53","saat":70199,"run":"6","dizi":"4","hatid":"0","silinmis":"0","id":"454" },
	{ "ttid":"3","numara":"54","saat":70644,"run":"2","dizi":"4","hatid":"0","silinmis":"0","id":"455" },
	{ "ttid":"3","numara":"55","saat":71089,"run":"8","dizi":"4","hatid":"0","silinmis":"0","id":"456" },
	{ "ttid":"3","numara":"56","saat":71534,"run":"3","dizi":"4","hatid":"0","silinmis":"0","id":"457" },
	{ "ttid":"3","numara":"57","saat":71979,"run":"7","dizi":"4","hatid":"0","silinmis":"0","id":"458" },
	{ "ttid":"3","numara":"72","saat":72424,"run":"9","dizi":"4","hatid":"0","silinmis":"0","id":"459" },
	{ "ttid":"3","numara":"73","saat":72869,"run":"5","dizi":"4","hatid":"0","silinmis":"0","id":"460" },
	{ "ttid":"3","numara":"71","saat":73314,"run":"6","dizi":"4","hatid":"0","silinmis":"0","id":"461" },
	{ "ttid":"3","numara":"51","saat":73759,"run":"2","dizi":"4","hatid":"0","silinmis":"0","id":"462" },
	{ "ttid":"3","numara":"74","saat":74204,"run":"8","dizi":"4","hatid":"0","silinmis":"0","id":"463" },
	{ "ttid":"3","numara":"52","saat":74649,"run":"3","dizi":"4","hatid":"0","silinmis":"0","id":"464" },
	{ "ttid":"3","numara":"53","saat":75094,"run":"7","dizi":"4","hatid":"0","silinmis":"0","id":"465" },
	{ "ttid":"3","numara":"54","saat":75539,"run":"9","dizi":"4","hatid":"0","silinmis":"0","id":"466" },
	{ "ttid":"3","numara":"55","saat":75984,"run":"5","dizi":"4","hatid":"0","silinmis":"0","id":"467" },
	{ "ttid":"3","numara":"56","saat":76429,"run":"6","dizi":"4","hatid":"0","silinmis":"0","id":"468" },
	{ "ttid":"3","numara":"57","saat":77054,"run":"2","dizi":"4","hatid":"0","silinmis":"0","id":"469" },
	{ "ttid":"3","numara":"73","saat":77679,"run":"8","dizi":"4","hatid":"0","silinmis":"0","id":"470" },
	{ "ttid":"3","numara":"72","saat":78304,"run":"7","dizi":"4","hatid":"0","silinmis":"0","id":"471" },
	{ "ttid":"3","numara":"51","saat":78929,"run":"9","dizi":"4","hatid":"0","silinmis":"0","id":"472" },
	{ "ttid":"3","numara":"52","saat":79554,"run":"6","dizi":"4","hatid":"0","silinmis":"0","id":"473" },
	{ "ttid":"3","numara":"74","saat":80179,"run":"2","dizi":"4","hatid":"0","silinmis":"0","id":"474" },
	{ "ttid":"3","numara":"53","saat":80804,"run":"8","dizi":"4","hatid":"0","silinmis":"0","id":"475" },
	{ "ttid":"3","numara":"54","saat":81429,"run":"7","dizi":"4","hatid":"0","silinmis":"0","id":"476" },
	{ "ttid":"3","numara":"55","saat":82054,"run":"9","dizi":"4","hatid":"0","silinmis":"0","id":"477" },
	{ "ttid":"3","numara":"56","saat":82679,"run":"6","dizi":"4","hatid":"0","silinmis":"0","id":"478" },
	{ "ttid":"3","numara":"57","saat":83304,"run":"2","dizi":"4","hatid":"0","silinmis":"0","id":"479" },
	{ "ttid":"3","numara":"51","saat":83929,"run":"8","dizi":"4","hatid":"0","silinmis":"0","id":"480" },
	{ "ttid":"3","numara":"52","saat":84554,"run":"7","dizi":"4","hatid":"0","silinmis":"0","id":"481" },
	{ "ttid":"3","numara":"53","saat":85179,"run":"9","dizi":"4","hatid":"0","silinmis":"0","id":"482" },
	{ "ttid":"3","numara":"54","saat":85804,"run":"6","dizi":"4","hatid":"0","silinmis":"0","id":"483" },
	{ "ttid":"3","numara":"55","saat":86429,"run":"2","dizi":"4","hatid":"0","silinmis":"0","id":"484" }
   ]
  }
}  
  