{
  "tables" : {
    "ayarlar" : [
      {
        "NUMARALI" : "ADMIN",
        "TARIFEOROMANUEL" : "STANDART",
        "TARIFEYAZKIS" : "AKTIF",
        "TIMETABLE_ID" : "1",
        "FLASHYAPSIN" : "HAYIR",
        "YAZIKAYSIN" : "EVET",
        "SABAHNUMARALARI" : "",
        "AKSAMNUMARALARI" : "",
        "GRUP1" : "",
        "GRUP2" : "",
        "GRUP3" : "",
        "TOPLAMTURSURESI" : "480",
        "AKSAMBASLAMASAATI" : "18",
        "HAT_ID" : "1",
        "BASMAKINIST1" : "",
        "BASMAKINIST2" : "",
        "BASMAKINIST3" : "",
        "SEFLIK" : "ADMIN",
        "VERSIYON" : "1.0",
        "EKRANRESMI" : "",
        "EKRANARESIMAT" : "",
        "EKRANARESIMATBOL" : "",
        "EKRANRESMINEREYE" : "",
        "TIMETABLEPZT_ID" : "1",
        "TIMETABLESAL_ID" : "1",
        "TIMETABLECAR_ID" : "1",
        "TIMETABLEPER_ID" : "1",
        "TIMETABLECUM_ID" : "1",
        "TIMETABLECMT_ID" : "1",
        "TIMETABLEPZR_ID" : "1",
        "YON" : "ILK",
        "id" : "1"
      }
    ],
    "ucistasyon" : [
    ],
    "sonistasyon" : [
    ],
    "trendcikisgiris" : [
    ],
    "hatlistesi" : [
    ],
    "makinistresim" : [
    ],
    "makinistemesaj" : [
    ],
    "manevra" : [
    ],
    "tdetay" : [
    ],
    "cizelge" : [
    ]
  }
}
