{
  "name": "ONUR Slider Skin",
  "version": "1.0",
  "author": "ONUR",
  "atlas": "slider_atlas.png",
  
  "ProgressBar": {
    "Background": { "rect": "0,0,200,20", "margin": "5,5,5,5" },
    "Fill": { "rect": "0,20,200,20", "margin": "5,5,5,5" },
    "Marquee": { "rect": "0,40,50,20", "margin": "5,5,5,5" }
  },
  
  "LoadingBar": {
    "Background": { "rect": "200,0,200,4", "margin": "0,0,0,0" },
    "Bar": { "rect": "200,4,50,4", "margin": "0,0,0,0" }
  },
  
  "ScrollBar": {
    "Track_Normal": { "rect": "0,60,200,20", "margin": "5,5,5,5" },
    "Track_Hover": { "rect": "0,80,200,20", "margin": "5,5,5,5" },
    "Thumb_Normal": { "rect": "200,60,40,20", "margin": "5,5,5,5" },
    "Thumb_Hover": { "rect": "240,60,40,20", "margin": "5,5,5,5" },
    "Thumb_Pressed": { "rect": "280,60,40,20", "margin": "5,5,5,5" },
    "LeftBtn_Normal": { "rect": "0,100,20,20", "margin": "0,0,0,0" },
    "LeftBtn_Hover": { "rect": "20,100,20,20", "margin": "0,0,0,0" },
    "LeftBtn_Pressed": { "rect": "40,100,20,20", "margin": "0,0,0,0" },
    "RightBtn_Normal": { "rect": "60,100,20,20", "margin": "0,0,0,0" },
    "RightBtn_Hover": { "rect": "80,100,20,20", "margin": "0,0,0,0" },
    "RightBtn_Pressed": { "rect": "100,100,20,20", "margin": "0,0,0,0" }
  },
  
  "SliderBar": {
    "Track": { "rect": "0,120,200,4", "margin": "2,0,2,0" },
    "Thumb": { "rect": "200,120,20,20", "margin": "0,0,0,0" }
  },
  
  "TrackBar": {
    "Track": { "rect": "0,140,200,4", "margin": "2,0,2,0" },
    "Thumb": { "rect": "200,140,20,30", "margin": "0,0,0,0" },
    "Tick": { "rect": "220,140,2,5", "margin": "0,0,0,0" }
  },
  
  "RangeBar": {
    "Track": { "rect": "0,170,200,4", "margin": "2,0,2,0" },
    "Range": { "rect": "0,174,200,4", "margin": "2,0,2,0" },
    "ThumbLow": { "rect": "200,170,20,20", "margin": "0,0,0,0" },
    "ThumbHigh": { "rect": "220,170,20,20", "margin": "0,0,0,0" }
  },
  
  "SwitchBar": {
    "Track_Off": { "rect": "0,190,60,20", "margin": "10,5,10,5" },
    "Track_On": { "rect": "60,190,60,20", "margin": "10,5,10,5" },
    "Thumb": { "rect": "120,190,16,16", "margin": "0,0,0,0" }
  },
  
  "MeterBar": {
    "Segment_Green": { "rect": "0,210,10,8", "margin": "0,0,0,0" },
    "Segment_Yellow": { "rect": "10,210,10,8", "margin": "0,0,0,0" },
    "Segment_Red": { "rect": "20,210,10,8", "margin": "0,0,0,0" },
    "Segment_Off": { "rect": "30,210,10,8", "margin": "0,0,0,0" }
  },
  
  "TimeBar": {
    "Track": { "rect": "0,220,400,4", "margin": "0,0,0,0" },
    "Buffer": { "rect": "0,224,400,4", "margin": "0,0,0,0" },
    "Progress": { "rect": "0,228,400,4", "margin": "0,0,0,0" },
    "Thumb": { "rect": "400,220,12,12", "margin": "0,0,0,0" }
  },
  
  "GaugeBar": {
    "Background": { "rect": "0,240,200,200", "margin": "0,0,0,0" },
    "ValueArc": { "rect": "200,240,200,200", "margin": "0,0,0,0" },
    "Needle": { "rect": "400,240,100,100", "margin": "0,0,0,0" }
  },
  
  "Knob": {
    "Base": { "rect": "0,440,60,60", "margin": "0,0,0,0" },
    "Indicator": { "rect": "60,440,4,20", "margin": "0,0,0,0" }
  },
  
  "ProgressRing": {
    "Background": { "rect": "100,440,100,100", "margin": "0,0,0,0" },
    "Fill": { "rect": "200,440,100,100", "margin": "0,0,0,0" }
  }
}
