{
  "skin" : {
    "name" : "New Skin",
    "version" : "1.0",
    "author" : "",
    "description" : "",
    "atlas" : "skins.png",
    "elements" : {
      "button" : {
        "parts" : {
          "normal" : {
            "rect" : {
              "x" : 19,
              "y" : 5,
              "w" : 201,
              "h" : 79
            },
            "margins" : {
              "left" : 5,
              "top" : 0,
              "right" : 0,
              "bottom" : 0
            }
          },
          "hover" : {
            "rect" : {
              "x" : 233,
              "y" : 6,
              "w" : 201,
              "h" : 80
            },
            "margins" : {
              "left" : 5,
              "top" : 5,
              "right" : 5,
              "bottom" : 0
            }
          },
          "pressed" : {
            "rect" : {
              "x" : 15,
              "y" : 94,
              "w" : 209,
              "h" : 78
            },
            "margins" : {
              "left" : 5,
              "top" : 5,
              "right" : 0,
              "bottom" : 0
            }
          },
          "disabled" : {
            "rect" : {
              "x" : 233,
              "y" : 94,
              "w" : 202,
              "h" : 80
            },
            "margins" : {
              "left" : 5,
              "top" : 5,
              "right" : 0,
              "bottom" : 0
            }
          }
        }
      }
    }
  }
}
