<?xml version="1.0" encoding="UTF-8"?>
<CONFIG>
  <UserPkgLinks Version="3" Count="174">
    <Item1>
      <Name Value="atflatcontrols_package"/>
      <Version Major="2" Minor="3"/>
      <Filename Value="components\paketler\ATFlatControls\atflatcontrols\atflatcontrols_package.lpk"/>
      <LastUsed Value="2026/01/06 23:45:10"/>
    </Item1>
    <Item2>
      <Name Value="BGLControls"/>
      <Version Major="1" Minor="2"/>
      <Filename Value="components\paketler\BGRABitmap\bglcontrols\bglcontrols.lpk"/>
      <LastUsed Value="2026/01/06 23:45:10"/>
    </Item2>
    <Item3>
      <Name Value="BGRABitmapPack"/>
      <Version Major="11" Minor="6" Release="6"/>
      <Filename Value="components\paketler\BGRABitmap\bgrabitmap\bgrabitmappack.lpk"/>
      <LastUsed Value="2026/01/06 23:58:00"/>
    </Item3>
    <Item4>
      <Name Value="bgracontrols"/>
      <Version Major="9" Release="2"/>
      <Filename Value="components\paketler\BGRAControls\bgracontrols.lpk"/>
      <LastUsed Value="2026/01/06 23:45:10"/>
    </Item4>
    <Item5>
      <Name Value="bgrapascalscriptcomponent"/>
      <Version Major="9" Release="2"/>
      <Filename Value="components\paketler\BGRAControls\bgrapascalscriptcomponent.lpk"/>
      <LastUsed Value="2025/09/29 15:09:08"/>
    </Item5>
    <Item6>
      <Name Value="castle_base"/>
      <Version Major="6" Minor="4"/>
      <Filename Value="C:\Users\karam\AppData\Local\lazarus\onlinepackagemanager\packages\castle-engine-master\packages\castle_base.lpk"/>
      <LastUsed Value="2023/12/04 21:14:43"/>
    </Item6>
    <Item7>
      <Name Value="castle_components"/>
      <Version Major="6" Minor="4"/>
      <Filename Value="C:\Users\karam\AppData\Local\lazarus\onlinepackagemanager\packages\castle-engine-master\packages\castle_components.lpk"/>
      <LastUsed Value="2023/12/04 21:14:43"/>
    </Item7>
    <Item8>
      <Name Value="castle_window"/>
      <Version Major="6" Minor="4"/>
      <Filename Value="C:\Users\karam\AppData\Local\lazarus\onlinepackagemanager\packages\castle-engine-master\packages\castle_window.lpk"/>
      <LastUsed Value="2023/12/04 21:14:43"/>
    </Item8>
    <Item9>
      <Name Value="codebot"/>
      <Filename Value="codebots\source\codebot\codebot.lpk"/>
      <LastUsed Value="2023/12/04 21:12:01"/>
    </Item9>
    <Item10>
      <Name Value="codebot_controls"/>
      <Filename Value="codebots\source\codebot_controls\codebot_controls.lpk"/>
      <LastUsed Value="2023/12/04 21:12:01"/>
    </Item10>
    <Item11>
      <Name Value="codebot_controls_design"/>
      <Filename Value="codebots\source\codebot_controls_design\codebot_controls_design.lpk"/>
      <LastUsed Value="2023/12/04 21:12:01"/>
    </Item11>
    <Item12>
      <Name Value="codebot_rendering"/>
      <Filename Value="codebots\source\codebot_render\codebot_rendering.lpk"/>
      <LastUsed Value="2023/12/04 19:57:31"/>
    </Item12>
    <Item13>
      <Name Value="Common"/>
      <Version Minor="10"/>
      <Filename Value="components\paketler\train\Common.lpk"/>
      <LastUsed Value="2026/01/06 23:45:10"/>
    </Item13>
    <Item14>
      <Name Value="dclibx"/>
      <Version Major="2" Minor="5" Build="9999"/>
      <Filename Value="components\paketler\ibx\dclibx.lpk"/>
      <LastUsed Value="2024/01/06 12:35:39"/>
    </Item14>
    <Item15>
      <Name Value="dcl_rxtools"/>
      <Version Major="1" Release="2" Build="5"/>
      <Filename Value="components\paketler\Rx\dcl_rxtools.lpk"/>
      <LastUsed Value="2026/01/06 23:45:10"/>
    </Item15>
    <Item16>
      <Name Value="dcl_rx_ctrl"/>
      <Version Major="3" Minor="3" Release="1" Build="4"/>
      <Filename Value="components\paketler\Rx\dcl_rx_ctrl.lpk"/>
      <LastUsed Value="2026/01/06 23:45:10"/>
    </Item16>
    <Item17>
      <Name Value="dcpcrypt"/>
      <Version Major="2" Release="4" Build="2"/>
      <Filename Value="components\paketler\DCPcrypt\dcpcrypt.lpk"/>
      <LastUsed Value="2025/12/25 00:15:02"/>
    </Item17>
    <Item18>
      <Name Value="eccontrols"/>
      <Version Minor="9" Release="58"/>
      <Filename Value="components\paketler\EC_Controls\EC_Controls\eccontrols.lpk"/>
      <LastUsed Value="2026/01/06 23:45:10"/>
    </Item18>
    <Item19>
      <Name Value="elera"/>
      <Filename Value="components\paketler\laz-arac\elera.lpk"/>
      <LastUsed Value="2026/01/06 23:45:10"/>
    </Item19>
    <Item20>
      <Name Value="encconv_package"/>
      <Version Major="1" Minor="1"/>
      <Filename Value="C:\Users\karam\AppData\Local\lazarus\onlinepackagemanager\packages\EncConv\encconv\encconv_package.lpk"/>
      <LastUsed Value="2024/03/08 23:46:49"/>
    </Item20>
    <Item21>
      <Name Value="etpackage"/>
      <Version Major="1" Build="1"/>
      <Filename Value="components\paketler\epiktimer\etpackage.lpk"/>
      <LastUsed Value="2026/01/06 23:45:10"/>
    </Item21>
    <Item22>
      <Name Value="etpackage_dsgn"/>
      <Version Major="1"/>
      <Filename Value="components\paketler\epiktimer\etpackage_dsgn.lpk"/>
      <LastUsed Value="2026/01/06 23:45:10"/>
    </Item22>
    <Item23>
      <Name Value="fbintf"/>
      <Version Major="1" Minor="4" Build="9999"/>
      <Filename Value="components\paketler\ibx\fbintf.lpk"/>
      <LastUsed Value="2025/09/24 11:09:55"/>
    </Item23>
    <Item24>
      <Name Value="fbintf"/>
      <Version Major="1" Minor="4" Release="7" Build="1244"/>
      <Filename Value="components\paketler\FBIntf\fbintf.lpk"/>
      <LastUsed Value="2025/09/29 15:09:10"/>
    </Item24>
    <Item25>
      <Name Value="fbudr"/>
      <Version Major="1" Minor="4" Release="7" Build="1244"/>
      <Filename Value="components\paketler\FBIntf\fbudr.lpk"/>
      <LastUsed Value="2025/09/29 15:09:13"/>
    </Item25>
    <Item26>
      <Name Value="fbudrTestbed"/>
      <Version Major="1" Minor="4" Release="7" Build="1244"/>
      <Filename Value="components\paketler\FBIntf\fbudrTestbed.lpk"/>
      <LastUsed Value="2025/09/29 15:09:13"/>
    </Item26>
    <Item27>
      <Name Value="fpOdf"/>
      <Version Release="1"/>
      <Filename Value="components\paketler\fpOdf\package\fpodf.lpk"/>
      <LastUsed Value="2024/04/19 23:13:42"/>
    </Item27>
    <Item28>
      <Name Value="FresnelBase"/>
      <Version Minor="3"/>
      <Filename Value="components\paketler\fresnel-main\src\base\fresnelbase.lpk"/>
      <LastUsed Value="2023/12/29 00:53:57"/>
    </Item28>
    <Item29>
      <Name Value="FresnelDsgn"/>
      <Version Minor="3"/>
      <Filename Value="components\paketler\fresnel-main\design\fresneldsgn.lpk"/>
      <LastUsed Value="2023/12/28 23:25:39"/>
    </Item29>
    <Item30>
      <Name Value="FresnelLCL"/>
      <Version Minor="3"/>
      <Filename Value="components\paketler\fresnel-main\src\lcl\fresnellcl.lpk"/>
      <LastUsed Value="2023/12/28 23:25:39"/>
    </Item30>
    <Item31>
      <Name Value="ibcontrols"/>
      <Version Major="2" Minor="5" Build="9999"/>
      <Filename Value="components\paketler\ibx\ibcontrols.lpk"/>
      <LastUsed Value="2024/01/06 12:35:39"/>
    </Item31>
    <Item32>
      <Name Value="ibexpress"/>
      <Version Major="2" Minor="5" Build="9999"/>
      <Filename Value="components\paketler\ibx\ibexpress.lpk"/>
      <LastUsed Value="2025/09/24 11:09:55"/>
    </Item32>
    <Item33>
      <Name Value="ibexpressconsolemode"/>
      <Version Major="2" Minor="5" Build="9999"/>
      <Filename Value="components\paketler\ibx\ibexpressconsolemode.lpk"/>
      <LastUsed Value="2023/12/23 12:57:36"/>
    </Item33>
    <Item34>
      <Name Value="ibLegacyServices"/>
      <Filename Value="components\paketler\ibx\ibLegacyServices.lpk"/>
      <LastUsed Value="2024/01/06 12:35:39"/>
    </Item34>
    <Item35>
      <Name Value="iblocaldb"/>
      <Version Major="2" Minor="5" Build="9999"/>
      <Filename Value="components\paketler\ibx\iblocaldb.lpk"/>
      <LastUsed Value="2024/01/06 12:35:39"/>
    </Item35>
    <Item36>
      <Name Value="iblocalnongui"/>
      <Version Major="2" Minor="5" Build="9999"/>
      <Filename Value="components\paketler\ibx\iblocalnongui.lpk"/>
      <LastUsed Value="2024/01/06 12:35:39"/>
    </Item36>
    <Item37>
      <Name Value="ibnongui"/>
      <Version Major="2" Minor="5" Build="9999"/>
      <Filename Value="components\paketler\ibx\ibnongui.lpk"/>
      <LastUsed Value="2025/09/24 11:09:55"/>
    </Item37>
    <Item38>
      <Name Value="Img32_Library"/>
      <Filename Value="components\paketler\Image32-main\source\Packages\Img32_Library.lpk"/>
      <LastUsed Value="2024/09/21 23:09:12"/>
    </Item38>
    <Item39>
      <Name Value="Img32_VCL_Dsgn"/>
      <Filename Value="components\paketler\Image32-main\source\Packages\Img32_VCL_Dsgn.lpk"/>
      <LastUsed Value="2024/09/21 22:52:27"/>
    </Item39>
    <Item40>
      <Name Value="industrial"/>
      <Version Minor="5"/>
      <Filename Value="components\paketler\industrialstuff\industrial.lpk"/>
      <LastUsed Value="2026/01/06 23:45:10"/>
    </Item40>
    <Item41>
      <Name Value="indylaz"/>
      <Version Major="10" Minor="6" Release="3" Build="1"/>
      <Filename Value="components\paketler\Indy10\indylaz.lpk"/>
      <LastUsed Value="2026/01/06 23:45:10"/>
    </Item41>
    <Item42>
      <Name Value="jplib"/>
      <Filename Value="C:\Users\karam\AppData\Local\lazarus\onlinepackagemanager\packages\JPLib\packages\Lazarus\jplib.lpk"/>
      <LastUsed Value="2023/11/10 11:37:02"/>
    </Item42>
    <Item43>
      <Name Value="jppacklcl"/>
      <Version Major="12" Minor="3"/>
      <Filename Value="C:\Users\karam\AppData\Local\lazarus\onlinepackagemanager\packages\JPPack\packages\Lazarus\jppacklcl.lpk"/>
      <LastUsed Value="2023/11/10 11:37:04"/>
    </Item43>
    <Item44>
      <Name Value="JvAppFrmLazD"/>
      <Version Major="1" Release="8"/>
      <Filename Value="components\paketler\jvcllaz\packages\jvappfrmlazd.lpk"/>
      <LastUsed Value="2026/01/06 23:45:11"/>
    </Item44>
    <Item45>
      <Name Value="JvAppFrmLazR"/>
      <Version Major="1" Release="7"/>
      <Filename Value="C:\Users\karam\AppData\Local\lazarus\onlinepackagemanager\packages\jvcllaz\packages\jvappfrmlazr.lpk"/>
      <LastUsed Value="2023/11/09 22:39:28"/>
    </Item45>
    <Item46>
      <Name Value="JvAppFrmLazR"/>
      <Version Major="1" Release="8"/>
      <Filename Value="components\paketler\jvcllaz\packages\jvappfrmlazr.lpk"/>
      <LastUsed Value="2026/01/06 23:45:10"/>
    </Item46>
    <Item47>
      <Name Value="JvCmpD"/>
      <Version Major="1" Release="8"/>
      <Filename Value="components\paketler\jvcllaz\packages\jvcmpd.lpk"/>
      <LastUsed Value="2026/01/06 23:45:11"/>
    </Item47>
    <Item48>
      <Name Value="JvCmpR"/>
      <Version Major="1" Release="7"/>
      <Filename Value="C:\Users\karam\AppData\Local\lazarus\onlinepackagemanager\packages\jvcllaz\packages\jvcmpr.lpk"/>
      <LastUsed Value="2023/11/09 22:39:28"/>
    </Item48>
    <Item49>
      <Name Value="JvCmpR"/>
      <Version Major="1" Release="8"/>
      <Filename Value="components\paketler\jvcllaz\packages\jvcmpr.lpk"/>
      <LastUsed Value="2026/01/06 23:45:11"/>
    </Item49>
    <Item50>
      <Name Value="JvCoreLazD"/>
      <Version Major="1" Release="8"/>
      <Filename Value="components\paketler\jvcllaz\packages\jvcorelazd.lpk"/>
      <LastUsed Value="2026/01/06 23:45:10"/>
    </Item50>
    <Item51>
      <Name Value="JvCoreLazR"/>
      <Version Major="1" Release="7"/>
      <Filename Value="C:\Users\karam\AppData\Local\lazarus\onlinepackagemanager\packages\jvcllaz\packages\jvcorelazr.lpk"/>
      <LastUsed Value="2023/11/09 22:39:28"/>
    </Item51>
    <Item52>
      <Name Value="JvCoreLazR"/>
      <Version Major="1" Release="8"/>
      <Filename Value="components\paketler\jvcllaz\packages\jvcorelazr.lpk"/>
      <LastUsed Value="2026/01/06 23:45:10"/>
    </Item52>
    <Item53>
      <Name Value="JvCtrlsLazD"/>
      <Version Major="1" Release="8"/>
      <Filename Value="components\paketler\jvcllaz\packages\jvctrlslazd.lpk"/>
      <LastUsed Value="2026/01/06 23:45:11"/>
    </Item53>
    <Item54>
      <Name Value="JvCtrlsLazR"/>
      <Version Major="1" Release="7"/>
      <Filename Value="C:\Users\karam\AppData\Local\lazarus\onlinepackagemanager\packages\jvcllaz\packages\jvctrlslazr.lpk"/>
      <LastUsed Value="2023/11/09 22:39:28"/>
    </Item54>
    <Item55>
      <Name Value="JvCtrlsLazR"/>
      <Version Major="1" Release="8"/>
      <Filename Value="components\paketler\jvcllaz\packages\jvctrlslazr.lpk"/>
      <LastUsed Value="2026/01/06 23:45:11"/>
    </Item55>
    <Item56>
      <Name Value="JvCustomLazD"/>
      <Version Major="1" Release="7"/>
      <Filename Value="C:\Users\karam\AppData\Local\lazarus\onlinepackagemanager\packages\jvcllaz\packages\jvcustomlazd.lpk"/>
      <LastUsed Value="2023/11/09 22:39:28"/>
    </Item56>
    <Item57>
      <Name Value="JvCustomLazD"/>
      <Version Major="1" Release="8"/>
      <Filename Value="components\paketler\jvcllaz\packages\jvcustomlazd.lpk"/>
      <LastUsed Value="2026/01/06 23:45:11"/>
    </Item57>
    <Item58>
      <Name Value="JvCustomLazR"/>
      <Version Major="1" Release="7"/>
      <Filename Value="C:\Users\karam\AppData\Local\lazarus\onlinepackagemanager\packages\jvcllaz\packages\jvcustomlazr.lpk"/>
      <LastUsed Value="2023/11/09 22:39:28"/>
    </Item58>
    <Item59>
      <Name Value="JvCustomLazR"/>
      <Version Major="1" Release="8"/>
      <Filename Value="components\paketler\jvcllaz\packages\jvcustomlazr.lpk"/>
      <LastUsed Value="2026/01/06 23:45:11"/>
    </Item59>
    <Item60>
      <Name Value="JvDBLazD"/>
      <Version Major="1" Release="8"/>
      <Filename Value="components\paketler\jvcllaz\packages\jvdblazd.lpk"/>
      <LastUsed Value="2026/01/06 23:45:11"/>
    </Item60>
    <Item61>
      <Name Value="JvDBLazR"/>
      <Version Major="1" Release="7"/>
      <Filename Value="C:\Users\karam\AppData\Local\lazarus\onlinepackagemanager\packages\jvcllaz\packages\jvdblazr.lpk"/>
      <LastUsed Value="2023/11/09 22:39:28"/>
    </Item61>
    <Item62>
      <Name Value="JvDBLazR"/>
      <Version Major="1" Release="8"/>
      <Filename Value="components\paketler\jvcllaz\packages\jvdblazr.lpk"/>
      <LastUsed Value="2026/01/06 23:45:11"/>
    </Item62>
    <Item63>
      <Name Value="JvHMILazD"/>
      <Version Major="1" Release="8"/>
      <Filename Value="components\paketler\jvcllaz\packages\jvhmilazd.lpk"/>
      <LastUsed Value="2026/01/06 23:45:11"/>
    </Item63>
    <Item64>
      <Name Value="JvHMILazR"/>
      <Version Major="1" Release="7"/>
      <Filename Value="C:\Users\karam\AppData\Local\lazarus\onlinepackagemanager\packages\jvcllaz\packages\jvhmilazr.lpk"/>
      <LastUsed Value="2023/11/09 22:39:28"/>
    </Item64>
    <Item65>
      <Name Value="JvHMILazR"/>
      <Version Major="1" Release="8"/>
      <Filename Value="components\paketler\jvcllaz\packages\jvhmilazr.lpk"/>
      <LastUsed Value="2026/01/06 23:45:11"/>
    </Item65>
    <Item66>
      <Name Value="JvJansLazD"/>
      <Version Major="1" Release="8"/>
      <Filename Value="components\paketler\jvcllaz\packages\jvjanslazd.lpk"/>
      <LastUsed Value="2026/01/06 23:45:11"/>
    </Item66>
    <Item67>
      <Name Value="JvJansLazR"/>
      <Version Major="1" Release="7"/>
      <Filename Value="C:\Users\karam\AppData\Local\lazarus\onlinepackagemanager\packages\jvcllaz\packages\jvjanslazr.lpk"/>
      <LastUsed Value="2023/11/09 22:39:28"/>
    </Item67>
    <Item68>
      <Name Value="JvJansLazR"/>
      <Version Major="1" Release="8"/>
      <Filename Value="components\paketler\jvcllaz\packages\jvjanslazr.lpk"/>
      <LastUsed Value="2026/01/06 23:45:11"/>
    </Item68>
    <Item69>
      <Name Value="JvMMLazD"/>
      <Version Major="1" Release="8"/>
      <Filename Value="components\paketler\jvcllaz\packages\jvmmlazd.lpk"/>
      <LastUsed Value="2026/01/06 23:45:11"/>
    </Item69>
    <Item70>
      <Name Value="JvMMLazR"/>
      <Version Major="1" Release="7"/>
      <Filename Value="C:\Users\karam\AppData\Local\lazarus\onlinepackagemanager\packages\jvcllaz\packages\jvmmlazr.lpk"/>
      <LastUsed Value="2023/11/09 22:39:28"/>
    </Item70>
    <Item71>
      <Name Value="JvMMLazR"/>
      <Version Major="1" Release="8"/>
      <Filename Value="components\paketler\jvcllaz\packages\jvmmlazr.lpk"/>
      <LastUsed Value="2026/01/06 23:45:11"/>
    </Item71>
    <Item72>
      <Name Value="JvNetLazD"/>
      <Version Major="1" Release="8"/>
      <Filename Value="components\paketler\jvcllaz\packages\jvnetlazd.lpk"/>
      <LastUsed Value="2026/01/06 23:45:11"/>
    </Item72>
    <Item73>
      <Name Value="JvNetLazR"/>
      <Version Major="1" Release="7"/>
      <Filename Value="C:\Users\karam\AppData\Local\lazarus\onlinepackagemanager\packages\jvcllaz\packages\jvnetlazr.lpk"/>
      <LastUsed Value="2023/11/09 22:39:28"/>
    </Item73>
    <Item74>
      <Name Value="JvNetLazR"/>
      <Version Major="1" Release="8"/>
      <Filename Value="components\paketler\jvcllaz\packages\jvnetlazr.lpk"/>
      <LastUsed Value="2026/01/06 23:45:11"/>
    </Item74>
    <Item75>
      <Name Value="JvPageCompsD"/>
      <Version Major="1" Release="8"/>
      <Filename Value="components\paketler\jvcllaz\packages\jvpagecompsd.lpk"/>
      <LastUsed Value="2026/01/06 23:45:11"/>
    </Item75>
    <Item76>
      <Name Value="JvPageCompsR"/>
      <Version Major="1" Release="7"/>
      <Filename Value="C:\Users\karam\AppData\Local\lazarus\onlinepackagemanager\packages\jvcllaz\packages\jvpagecompsr.lpk"/>
      <LastUsed Value="2023/11/09 22:39:28"/>
    </Item76>
    <Item77>
      <Name Value="JvPageCompsR"/>
      <Version Major="1" Release="8"/>
      <Filename Value="components\paketler\jvcllaz\packages\jvpagecompsr.lpk"/>
      <LastUsed Value="2026/01/06 23:45:11"/>
    </Item77>
    <Item78>
      <Name Value="JvPascalInterpreterD"/>
      <Version Major="1" Release="8"/>
      <Filename Value="components\paketler\jvcllaz\packages\jvpascalinterpreterd.lpk"/>
      <LastUsed Value="2026/01/06 23:45:11"/>
    </Item78>
    <Item79>
      <Name Value="JvPascalInterpreterR"/>
      <Version Major="1" Release="8"/>
      <Filename Value="components\paketler\jvcllaz\packages\jvpascalinterpreterr.lpk"/>
      <LastUsed Value="2026/01/06 23:45:11"/>
    </Item79>
    <Item80>
      <Name Value="JvRuntimeDesignLazD"/>
      <Version Major="1" Release="8"/>
      <Filename Value="components\paketler\jvcllaz\packages\jvruntimedesignlazd.lpk"/>
      <LastUsed Value="2026/01/06 23:45:11"/>
    </Item80>
    <Item81>
      <Name Value="JvRuntimeDesignLazR"/>
      <Version Major="1" Release="7"/>
      <Filename Value="C:\Users\karam\AppData\Local\lazarus\onlinepackagemanager\packages\jvcllaz\packages\jvruntimedesignlazr.lpk"/>
      <LastUsed Value="2023/11/09 22:39:28"/>
    </Item81>
    <Item82>
      <Name Value="JvRuntimeDesignLazR"/>
      <Version Major="1" Release="8"/>
      <Filename Value="components\paketler\jvcllaz\packages\jvruntimedesignlazr.lpk"/>
      <LastUsed Value="2026/01/06 23:45:11"/>
    </Item82>
    <Item83>
      <Name Value="JvStdCtrlsLazD"/>
      <Version Major="1" Release="8"/>
      <Filename Value="components\paketler\jvcllaz\packages\jvstdctrlslazd.lpk"/>
      <LastUsed Value="2026/01/06 23:45:11"/>
    </Item83>
    <Item84>
      <Name Value="JvStdCtrlsLazR"/>
      <Version Major="1" Release="7"/>
      <Filename Value="C:\Users\karam\AppData\Local\lazarus\onlinepackagemanager\packages\jvcllaz\packages\jvstdctrlslazr.lpk"/>
      <LastUsed Value="2023/11/09 22:39:28"/>
    </Item84>
    <Item85>
      <Name Value="JvStdCtrlsLazR"/>
      <Version Major="1" Release="8"/>
      <Filename Value="components\paketler\jvcllaz\packages\jvstdctrlslazr.lpk"/>
      <LastUsed Value="2026/01/06 23:45:11"/>
    </Item85>
    <Item86>
      <Name Value="JvTimeFrameworkLazD"/>
      <Version Major="1" Release="8"/>
      <Filename Value="components\paketler\jvcllaz\packages\jvtimeframeworklazd.lpk"/>
      <LastUsed Value="2026/01/06 23:45:11"/>
    </Item86>
    <Item87>
      <Name Value="JvTimeFrameworkLazR"/>
      <Version Major="1" Release="7"/>
      <Filename Value="C:\Users\karam\AppData\Local\lazarus\onlinepackagemanager\packages\jvcllaz\packages\jvtimeframeworklazr.lpk"/>
      <LastUsed Value="2023/11/09 22:39:28"/>
    </Item87>
    <Item88>
      <Name Value="JvTimeFrameworkLazR"/>
      <Version Major="1" Release="8"/>
      <Filename Value="components\paketler\jvcllaz\packages\jvtimeframeworklazr.lpk"/>
      <LastUsed Value="2026/01/06 23:45:11"/>
    </Item88>
    <Item89>
      <Name Value="JvValidatorsLazD"/>
      <Version Major="1" Release="8"/>
      <Filename Value="components\paketler\jvcllaz\packages\jvvalidatorslazd.lpk"/>
      <LastUsed Value="2026/01/06 23:45:11"/>
    </Item89>
    <Item90>
      <Name Value="JvValidatorsLazR"/>
      <Version Major="1" Release="7"/>
      <Filename Value="C:\Users\karam\AppData\Local\lazarus\onlinepackagemanager\packages\jvcllaz\packages\jvvalidatorslazr.lpk"/>
      <LastUsed Value="2023/11/09 22:39:28"/>
    </Item90>
    <Item91>
      <Name Value="JvValidatorsLazR"/>
      <Version Major="1" Release="8"/>
      <Filename Value="components\paketler\jvcllaz\packages\jvvalidatorslazr.lpk"/>
      <LastUsed Value="2026/01/06 23:45:11"/>
    </Item91>
    <Item92>
      <Name Value="JvWizardLazD"/>
      <Version Major="1" Release="8"/>
      <Filename Value="components\paketler\jvcllaz\packages\jvwizardlazd.lpk"/>
      <LastUsed Value="2026/01/06 23:45:11"/>
    </Item92>
    <Item93>
      <Name Value="JvWizardLazR"/>
      <Version Major="1" Release="7"/>
      <Filename Value="C:\Users\karam\AppData\Local\lazarus\onlinepackagemanager\packages\jvcllaz\packages\jvwizardlazr.lpk"/>
      <LastUsed Value="2023/11/09 22:39:28"/>
    </Item93>
    <Item94>
      <Name Value="JvWizardLazR"/>
      <Version Major="1" Release="8"/>
      <Filename Value="components\paketler\jvcllaz\packages\jvwizardlazr.lpk"/>
      <LastUsed Value="2026/01/06 23:45:11"/>
    </Item94>
    <Item95>
      <Name Value="JvXPCtrlsLazD"/>
      <Version Major="1" Release="8"/>
      <Filename Value="components\paketler\jvcllaz\packages\jvxpctrlslazd.lpk"/>
      <LastUsed Value="2026/01/06 23:45:11"/>
    </Item95>
    <Item96>
      <Name Value="JvXPCtrlsLazR"/>
      <Version Major="1" Release="7"/>
      <Filename Value="C:\Users\karam\AppData\Local\lazarus\onlinepackagemanager\packages\jvcllaz\packages\jvxpctrlslazr.lpk"/>
      <LastUsed Value="2023/11/09 22:39:28"/>
    </Item96>
    <Item97>
      <Name Value="JvXPCtrlsLazR"/>
      <Version Major="1" Release="8"/>
      <Filename Value="components\paketler\jvcllaz\packages\jvxpctrlslazr.lpk"/>
      <LastUsed Value="2026/01/06 23:45:11"/>
    </Item97>
    <Item98>
      <Name Value="KControlsBase"/>
      <Version Major="1" Minor="7" Release="3"/>
      <Filename Value="components\paketler\kcontrols\packages\kcontrols\kcontrolsbase.lpk"/>
      <LastUsed Value="2026/01/06 23:45:10"/>
    </Item98>
    <Item99>
      <Name Value="KControlsLaz"/>
      <Version Major="1" Minor="7" Release="3"/>
      <Filename Value="components\paketler\kcontrols\packages\kcontrols\kcontrolslaz.lpk"/>
      <LastUsed Value="2026/01/06 23:45:11"/>
    </Item99>
    <Item100>
      <Name Value="lape"/>
      <Version Minor="2"/>
      <Filename Value="D:\Simba-simba2000\Third-Party\lape\package\lape.lpk"/>
      <LastUsed Value="2024/09/22 23:32:38"/>
    </Item100>
    <Item101>
      <Name Value="lazbarcodes_runtimeonly"/>
      <Version Major="2"/>
      <Filename Value="C:\Users\karam\AppData\Local\lazarus\onlinepackagemanager\packages\lazbarcodes\packages\lazbarcodes_runtimeonly.lpk"/>
      <LastUsed Value="2023/12/12 15:23:43"/>
    </Item101>
    <Item102>
      <Name Value="lazMapViewerPkg"/>
      <Version Minor="2" Release="6"/>
      <Filename Value="components\paketler\LazMapViewer\LazMapViewer\lazmapviewerpkg.lpk"/>
      <LastUsed Value="2026/01/06 23:45:10"/>
    </Item102>
    <Item103>
      <Name Value="lazmapviewer_bgra"/>
      <Version Minor="2" Release="6"/>
      <Filename Value="components\paketler\LazMapViewer\LazMapViewer\lazmapviewer_bgra.lpk"/>
      <LastUsed Value="2026/01/06 23:45:10"/>
    </Item103>
    <Item104>
      <Name Value="lazmapviewer_rgbgraphics"/>
      <Version Minor="2" Release="6"/>
      <Filename Value="components\paketler\LazMapViewer\LazMapViewer\lazmapviewer_rgbgraphics.lpk"/>
      <LastUsed Value="2026/01/06 23:45:10"/>
    </Item104>
    <Item105>
      <Name Value="lazMapViewer_Synapse"/>
      <Version Minor="2" Release="6"/>
      <Filename Value="components\paketler\LazMapViewer\LazMapViewer\lazmapviewer_synapse.lpk"/>
      <LastUsed Value="2026/01/06 23:45:10"/>
    </Item105>
    <Item106>
      <Name Value="lazpaintcontrols"/>
      <Version Minor="2" Release="1"/>
      <Filename Value="components\paketler\ONUR\onurcomp\lazpaint-master\lazpaintcontrols\lazpaintcontrols.lpk"/>
      <LastUsed Value="2026/01/06 23:45:11"/>
    </Item106>
    <Item107>
      <Name Value="LazQuadTree"/>
      <Version Minor="1" Release="1" Build="1"/>
      <Filename Value="components\paketler\lazquadtree\lazquadtree.lpk"/>
      <LastUsed Value="2024/10/28 21:39:55"/>
    </Item107>
    <Item108>
      <Name Value="LazRGBGraphics"/>
      <Version Major="1" Minor="1"/>
      <Filename Value="components\paketler\LazRGBGraphics\lazrgbgraphics.lpk"/>
      <LastUsed Value="2026/01/06 23:45:10"/>
    </Item108>
    <Item109>
      <Name Value="lazwebwidgets"/>
      <Filename Value="components\pas2js-windows-2.2.0\packages\webwidget\lazwebwidgets.lpk"/>
      <LastUsed Value="2024/01/14 16:52:58"/>
    </Item109>
    <Item110>
      <Name Value="laz_fpspreadsheet"/>
      <Version Major="1" Minor="14"/>
      <Filename Value="C:\Users\karam\AppData\Local\lazarus\onlinepackagemanager\packages\fpspreadsheet\laz_fpspreadsheet.lpk"/>
      <LastUsed Value="2023/12/12 15:23:42"/>
    </Item110>
    <Item111>
      <Name Value="laz_fpspreadsheet"/>
      <Version Major="2"/>
      <Filename Value="components\paketler\FPSpreadsheet\laz_fpspreadsheet.lpk"/>
      <LastUsed Value="2026/01/06 23:45:10"/>
    </Item111>
    <Item112>
      <Name Value="laz_fpspreadsheetexport_visual"/>
      <Version Major="2"/>
      <Filename Value="components\paketler\FPSpreadsheet\laz_fpspreadsheetexport_visual.lpk"/>
      <LastUsed Value="2026/01/06 23:45:11"/>
    </Item112>
    <Item113>
      <Name Value="laz_fpspreadsheet_crypto"/>
      <Version Major="1" Minor="14"/>
      <Filename Value="C:\Users\karam\AppData\Local\lazarus\onlinepackagemanager\packages\fpspreadsheet\laz_fpspreadsheet_crypto.lpk"/>
      <LastUsed Value="2023/01/17 23:07:10"/>
    </Item113>
    <Item114>
      <Name Value="laz_fpspreadsheet_crypto"/>
      <Version Major="1" Minor="16"/>
      <Filename Value="components\paketler\fpspreadsheet\laz_fpspreadsheet_crypto.lpk"/>
      <LastUsed Value="2024/04/19 23:13:47"/>
    </Item114>
    <Item115>
      <Name Value="laz_fpspreadsheet_dataset"/>
      <Version Major="2"/>
      <Filename Value="components\paketler\FPSpreadsheet\laz_fpspreadsheet_dataset.lpk"/>
      <LastUsed Value="2026/01/06 23:45:10"/>
    </Item115>
    <Item116>
      <Name Value="laz_fpspreadsheet_visual"/>
      <Version Major="1" Minor="14"/>
      <Filename Value="C:\Users\karam\AppData\Local\lazarus\onlinepackagemanager\packages\fpspreadsheet\laz_fpspreadsheet_visual.lpk"/>
      <LastUsed Value="2023/12/23 12:53:14"/>
    </Item116>
    <Item117>
      <Name Value="laz_fpspreadsheet_visual"/>
      <Version Major="2"/>
      <Filename Value="components\paketler\FPSpreadsheet\laz_fpspreadsheet_visual.lpk"/>
      <LastUsed Value="2026/01/06 23:45:11"/>
    </Item117>
    <Item118>
      <Name Value="laz_fpspreadsheet_visual_dsgn"/>
      <Version Major="2"/>
      <Filename Value="components\paketler\FPSpreadsheet\laz_fpspreadsheet_visual_dsgn.lpk"/>
      <LastUsed Value="2026/01/06 23:45:11"/>
    </Item118>
    <Item119>
      <Name Value="laz_synapse"/>
      <Version Major="40" Minor="1"/>
      <Filename Value="components\paketler\synapse40.1\laz_synapse.lpk"/>
      <LastUsed Value="2026/01/06 23:45:10"/>
    </Item119>
    <Item120>
      <Name Value="laz_uos"/>
      <Version Major="1"/>
      <Filename Value="components\paketler\uos\src\laz_uos.lpk"/>
      <LastUsed Value="2024/09/17 20:43:28"/>
    </Item120>
    <Item121>
      <Name Value="MetaDarkStyle"/>
      <Version Minor="9"/>
      <Filename Value="components\paketler\Metadarkstyle\metadarkstyle.lpk"/>
      <LastUsed Value="2026/01/06 23:45:10"/>
    </Item121>
    <Item122>
      <Name Value="metadarkstyledsgn"/>
      <Version Minor="9"/>
      <Filename Value="components\paketler\Metadarkstyle\metadarkstyledsgn.lpk"/>
      <LastUsed Value="2026/01/06 23:45:10"/>
    </Item122>
    <Item123>
      <Name Value="MiniComm"/>
      <Filename Value="components\paketler\minilib-master\comm\source\MiniComm.lpk"/>
      <LastUsed Value="2024/10/10 10:57:26"/>
    </Item123>
    <Item124>
      <Name Value="MiniConnections"/>
      <Version Major="1" Release="3"/>
      <Filename Value="components\paketler\minilib-master\connection\src\MiniConnections.lpk"/>
      <LastUsed Value="2024/10/10 17:16:53"/>
    </Item124>
    <Item125>
      <Name Value="MiniLib"/>
      <Version Major="1" Release="2"/>
      <Filename Value="components\paketler\minilib-master\lib\MiniLib.lpk"/>
      <LastUsed Value="2024/10/17 16:17:58"/>
    </Item125>
    <Item126>
      <Name Value="MiniSockets"/>
      <Version Major="1" Release="3" Build="7"/>
      <Filename Value="components\paketler\minilib-master\socket\source\MiniSockets.lpk"/>
      <LastUsed Value="2024/10/10 17:17:57"/>
    </Item126>
    <Item127>
      <Name Value="MiniTranslator"/>
      <Version Major="1" Release="1"/>
      <Filename Value="components\paketler\minilib-master\translator\MiniTranslator.lpk"/>
      <LastUsed Value="2024/10/10 17:18:14"/>
    </Item127>
    <Item128>
      <Name Value="MiniWebElements"/>
      <Filename Value="components\paketler\minilib-master\socket\source\MiniWebElements.lpk"/>
      <LastUsed Value="2024/10/10 17:17:57"/>
    </Item128>
    <Item129>
      <Name Value="MiniXML"/>
      <Version Major="1" Release="3"/>
      <Filename Value="components\paketler\minilib-master\xml\source\MiniXML.lpk"/>
      <LastUsed Value="2024/10/10 10:57:26"/>
    </Item129>
    <Item130>
      <Name Value="mormot2"/>
      <Version Major="2" Release="1"/>
      <Filename Value="components\paketler\mORMot2-2.1.stable\packages\lazarus\mormot2.lpk"/>
      <LastUsed Value="2026/01/06 23:45:10"/>
    </Item130>
    <Item131>
      <Name Value="mormot2ui"/>
      <Version Major="2" Release="1"/>
      <Filename Value="components\paketler\mORMot2-2.1.stable\packages\lazarus\mormot2ui.lpk"/>
      <LastUsed Value="2026/01/06 23:45:10"/>
    </Item131>
    <Item132>
      <Name Value="NiceSidebarLaz"/>
      <Version Major="2" Release="1"/>
      <Filename Value="components\paketler\nicesidebar\packages\Lazarus\nicesidebarlaz.lpk"/>
      <LastUsed Value="2026/01/06 23:45:10"/>
    </Item132>
    <Item133>
      <Name Value="on2x"/>
      <Filename Value="components\paketler\onuryeni\on2x.lpk"/>
      <LastUsed Value="2026/01/06 23:45:10"/>
    </Item133>
    <Item134>
      <Name Value="onur"/>
      <Version Build="1"/>
      <Filename Value="components\paketler\ONUR\onurcomp\onur.lpk"/>
      <LastUsed Value="2026/01/06 23:45:10"/>
    </Item134>
    <Item135>
      <Name Value="ONURSkinBuilder"/>
      <Filename Value="components\paketler\ONUR\onurcomp\ONURSkinBuilder.lpk"/>
      <LastUsed Value="2025/11/27 01:52:28"/>
    </Item135>
    <Item136>
      <Name Value="OnurSkinComponents"/>
      <Version Major="1"/>
      <Filename Value="components\paketler\ONUR\onurcomp\OnurSkinComponents.lpk"/>
      <LastUsed Value="2025/12/10 23:44:58"/>
    </Item136>
    <Item137>
      <Name Value="onurtheme"/>
      <Version Build="1"/>
      <Filename Value="components\paketler\ONUR\onurcomp\themebilesen\onurtheme.lpk"/>
      <LastUsed Value="2026/01/06 23:58:00"/>
    </Item137>
    <Item138>
      <Name Value="pas2js_rtl"/>
      <Version Major="1"/>
      <Filename Value="components\pas2js-windows-2.2.0\packages\rtl\pas2js_rtl.lpk"/>
      <LastUsed Value="2024/01/14 16:52:58"/>
    </Item138>
    <Item139>
      <Name Value="pascalscada"/>
      <Version Minor="7" Release="7"/>
      <Filename Value="components\paketler\PascalSCADA\pascalscada.lpk"/>
      <LastUsed Value="2025/09/24 11:09:54"/>
    </Item139>
    <Item140>
      <Name Value="pascalscada_common"/>
      <Version Minor="7" Release="7"/>
      <Filename Value="components\paketler\PascalSCADA\pascalscada_common.lpk"/>
      <LastUsed Value="2025/09/24 11:09:54"/>
    </Item140>
    <Item141>
      <Name Value="pascalscada_db"/>
      <Version Minor="7" Release="7"/>
      <Filename Value="components\paketler\PascalSCADA\pascalscada_db.lpk"/>
      <LastUsed Value="2024/10/23 13:13:18"/>
    </Item141>
    <Item142>
      <Name Value="pascalscada_dsng"/>
      <Version Minor="7" Release="7"/>
      <Filename Value="components\paketler\PascalSCADA\pascalscada_dsng.lpk"/>
      <LastUsed Value="2025/09/24 11:09:55"/>
    </Item142>
    <Item143>
      <Name Value="pascalscada_full"/>
      <Version Minor="7" Release="7"/>
      <Filename Value="components\paketler\PascalSCADA\pascalscada_full.lpk"/>
      <LastUsed Value="2024/10/23 13:15:07"/>
    </Item143>
    <Item144>
      <Name Value="pascalscada_hmi"/>
      <Version Minor="7" Release="7"/>
      <Filename Value="components\paketler\PascalSCADA\pascalscada_hmi.lpk"/>
      <LastUsed Value="2025/09/24 11:09:55"/>
    </Item144>
    <Item145>
      <Name Value="PascalScriptLCL"/>
      <Version Build="1"/>
      <Filename Value="components\PascalScript\Source\PascalScriptLCL.lpk"/>
      <LastUsed Value="2025/09/24 11:09:54"/>
    </Item145>
    <Item146>
      <Name Value="pl_Graphics32"/>
      <Version Major="7" Minor="2" Release="1"/>
      <Filename Value="components\paketler\ct4laz\pl_components\pl_graphics32\pl_graphics32.lpk"/>
      <LastUsed Value="2026/01/06 23:45:10"/>
    </Item146>
    <Item147>
      <Name Value="rgb_graphics"/>
      <Version Major="1"/>
      <Filename Value="components\paketler\LazRGBGraphics\rgb_graphics.lpk"/>
      <LastUsed Value="2024/04/19 23:14:42"/>
    </Item147>
    <Item148>
      <Name Value="rx"/>
      <Version Major="1"/>
      <Filename Value="components\paketler\Rx\rx.lpk"/>
      <LastUsed Value="2026/01/06 23:45:10"/>
    </Item148>
    <Item149>
      <Name Value="rxdbgrid_export_spreadsheet"/>
      <Version Major="1" Release="1" Build="6"/>
      <Filename Value="components\paketler\Rx\rxdbgrid_export_spreadsheet.lpk"/>
      <LastUsed Value="2026/01/06 23:45:11"/>
    </Item149>
    <Item150>
      <Name Value="rxdbgrid_print"/>
      <Version Major="1" Minor="1" Release="2" Build="2"/>
      <Filename Value="components\paketler\Rx\rxdbgrid_print.lpk"/>
      <LastUsed Value="2026/01/06 23:45:11"/>
    </Item150>
    <Item151>
      <Name Value="rxnew"/>
      <Version Major="3" Minor="4" Release="1" Build="234"/>
      <Filename Value="components\paketler\Rx\rxnew.lpk"/>
      <LastUsed Value="2026/01/06 23:45:10"/>
    </Item151>
    <Item152>
      <Name Value="rxtools"/>
      <Version Minor="6" Build="12"/>
      <Filename Value="components\paketler\Rx\rxtools.lpk"/>
      <LastUsed Value="2026/01/06 23:45:10"/>
    </Item152>
    <Item153>
      <Name Value="rx_LazReport"/>
      <Version Major="1" Release="1"/>
      <Filename Value="components\paketler\Rx\LazReport\rx_lazreport.lpk"/>
      <LastUsed Value="2024/04/19 23:14:58"/>
    </Item153>
    <Item154>
      <Name Value="rx_sort_fbdataset"/>
      <Version Major="1" Minor="1" Release="1" Build="2"/>
      <Filename Value="components\paketler\Rx\rx_sort_fbdataset.lpk"/>
      <LastUsed Value="2023/12/23 12:54:28"/>
    </Item154>
    <Item155>
      <Name Value="rx_sort_ibx"/>
      <Filename Value="components\paketler\Rx\rx_sort_ibx.lpk"/>
      <LastUsed Value="2025/09/24 11:09:55"/>
    </Item155>
    <Item156>
      <Name Value="rx_sort_sqldb"/>
      <Version Major="1" Minor="1" Release="2" Build="3"/>
      <Filename Value="components\paketler\Rx\rx_sort_sqldb.lpk"/>
      <LastUsed Value="2026/01/06 23:45:11"/>
    </Item156>
    <Item157>
      <Name Value="rx_sort_zeos"/>
      <Version Major="1" Minor="1" Release="1" Build="1"/>
      <Filename Value="components\paketler\Rx\rx_sort_zeos.lpk"/>
      <LastUsed Value="2026/01/06 23:45:11"/>
    </Item157>
    <Item158>
      <Name Value="saph2_12"/>
      <Filename Value="components\paketler\saph-main\saph2_12.lpk"/>
      <LastUsed Value="2024/10/05 21:57:48"/>
    </Item158>
    <Item159>
      <Name Value="saph30"/>
      <Filename Value="components\paketler\saph-main\saph30.lpk"/>
      <LastUsed Value="2026/01/06 23:45:10"/>
    </Item159>
    <Item160>
      <Name Value="scada"/>
      <Filename Value="D:\programlar\scada\scada.lpk"/>
      <LastUsed Value="2026/01/06 23:45:10"/>
    </Item160>
    <Item161>
      <Name Value="Stax"/>
      <Version Release="1"/>
      <Filename Value="components\paketler\fpStax\Stax-package\Stax.lpk"/>
      <LastUsed Value="2026/01/06 23:45:10"/>
    </Item161>
    <Item162>
      <Name Value="SubtitleAPI"/>
      <Version Major="1"/>
      <Filename Value="components\paketler\TeroSubtitler\subtitleapi\subtitleapi.lpk"/>
      <LastUsed Value="2024/01/06 12:35:39"/>
    </Item162>
    <Item163>
      <Name Value="TeroControls"/>
      <Version Major="1"/>
      <Filename Value="components\paketler\TeroSubtitler\controls\terocontrols.lpk"/>
      <LastUsed Value="2024/01/06 12:35:40"/>
    </Item163>
    <Item164>
      <Name Value="uniqueinstance_package"/>
      <Version Major="1" Minor="1"/>
      <Filename Value="components\paketler\uniqueinstance\uniqueinstance_package.lpk"/>
      <LastUsed Value="2026/01/06 23:45:10"/>
    </Item164>
    <Item165>
      <Name Value="USViPlay3"/>
      <Version Major="1" Release="1"/>
      <Filename Value="D:\PROGRAMLAR\ViPlay3\Source\USViPlay3.lpk"/>
      <LastUsed Value="2023/12/10 20:16:27"/>
    </Item165>
    <Item166>
      <Name Value="utf8tools"/>
      <Version Major="1"/>
      <Filename Value="components\paketler\UTF8Tools\utf8tools.lpk"/>
      <LastUsed Value="2024/04/19 23:14:59"/>
    </Item166>
    <Item167>
      <Name Value="UWCommon"/>
      <Version Major="1"/>
      <Filename Value="components\paketler\TeroSubtitler\common\uwcommon.lpk"/>
      <LastUsed Value="2024/01/06 12:35:39"/>
    </Item167>
    <Item168>
      <Name Value="UWMPVPlayer"/>
      <Version Minor="1"/>
      <Filename Value="components\paketler\TeroSubtitler\UW_MPVPlayer-main\uwmpvplayer.lpk"/>
      <LastUsed Value="2024/01/06 12:35:40"/>
    </Item168>
    <Item169>
      <Name Value="zcomponent"/>
      <Version Major="8"/>
      <Filename Value="components\paketler\zeosdbo\packages\lazarus\zcomponent.lpk"/>
      <LastUsed Value="2026/01/06 23:45:10"/>
    </Item169>
    <Item170>
      <Name Value="zcomponentdesign"/>
      <Version Major="8"/>
      <Filename Value="components\paketler\zeosdbo\packages\lazarus\zcomponentdesign.lpk"/>
      <LastUsed Value="2026/01/06 23:45:10"/>
    </Item170>
    <Item171>
      <Name Value="zcore"/>
      <Version Major="8"/>
      <Filename Value="components\paketler\zeosdbo\packages\lazarus\zcore.lpk"/>
      <LastUsed Value="2026/01/06 23:45:10"/>
    </Item171>
    <Item172>
      <Name Value="zdbc"/>
      <Version Major="8"/>
      <Filename Value="components\paketler\zeosdbo\packages\lazarus\zdbc.lpk"/>
      <LastUsed Value="2026/01/06 23:45:10"/>
    </Item172>
    <Item173>
      <Name Value="zparsesql"/>
      <Version Major="8"/>
      <Filename Value="components\paketler\zeosdbo\packages\lazarus\zparsesql.lpk"/>
      <LastUsed Value="2026/01/06 23:45:10"/>
    </Item173>
    <Item174>
      <Name Value="zplain"/>
      <Version Major="8"/>
      <Filename Value="components\paketler\zeosdbo\packages\lazarus\zplain.lpk"/>
      <LastUsed Value="2026/01/06 23:45:10"/>
    </Item174>
  </UserPkgLinks>
  <GlobalPkgLinks Version="3" Count="80">
    <Item1>
      <Name Value="anchordocking"/>
      <Version Major="1"/>
      <LastUsed Value="2026/01/06 23:45:10"/>
    </Item1>
    <Item2>
      <Name Value="anchordockingdsgn"/>
      <Version Major="1"/>
      <LastUsed Value="2026/01/06 23:45:10"/>
    </Item2>
    <Item3>
      <Name Value="buildintf"/>
      <Version Major="1"/>
      <LastUsed Value="2026/01/06 23:58:00"/>
    </Item3>
    <Item4>
      <Name Value="cairocanvas_pkg"/>
      <LastUsed Value="2026/01/06 23:45:10"/>
    </Item4>
    <Item5>
      <Name Value="charactermappkg"/>
      <Version Minor="1"/>
      <LastUsed Value="2026/01/06 23:45:10"/>
    </Item5>
    <Item6>
      <Name Value="charactermap_ide_pkg"/>
      <Version Minor="1"/>
      <LastUsed Value="2026/01/06 23:45:10"/>
    </Item6>
    <Item7>
      <Name Value="chmhelppkg"/>
      <Version Minor="2" Release="1"/>
      <LastUsed Value="2026/01/06 23:45:10"/>
    </Item7>
    <Item8>
      <Name Value="cmdlinedebuggerbase"/>
      <LastUsed Value="2026/01/06 23:58:00"/>
    </Item8>
    <Item9>
      <Name Value="codetools"/>
      <Version Major="1" Release="1"/>
      <LastUsed Value="2026/01/06 23:58:00"/>
    </Item9>
    <Item10>
      <Name Value="customdrawn"/>
      <LastUsed Value="2026/01/06 23:45:10"/>
    </Item10>
    <Item11>
      <Name Value="datetimectrls"/>
      <Version Major="1" Minor="5" Release="1"/>
      <LastUsed Value="2026/01/06 23:45:10"/>
    </Item11>
    <Item12>
      <Name Value="datetimectrlsdsgn"/>
      <Version Major="1" Minor="5" Release="1"/>
      <LastUsed Value="2026/01/06 23:45:10"/>
    </Item12>
    <Item13>
      <Name Value="dbflaz"/>
      <Version Minor="1" Release="1"/>
      <LastUsed Value="2026/01/06 23:45:10"/>
    </Item13>
    <Item14>
      <Name Value="debuggerintf"/>
      <Version Minor="1"/>
      <LastUsed Value="2026/01/06 23:58:00"/>
    </Item14>
    <Item15>
      <Name Value="dockedformeditor"/>
      <LastUsed Value="2026/01/06 23:45:10"/>
    </Item15>
    <Item16>
      <Name Value="editormacroscript"/>
      <LastUsed Value="2026/01/06 23:45:10"/>
    </Item16>
    <Item17>
      <Name Value="exampleprojects"/>
      <Version Minor="8"/>
      <LastUsed Value="2026/01/06 23:45:10"/>
    </Item17>
    <Item18>
      <Name Value="externhelp"/>
      <Version Major="1" Minor="3"/>
      <LastUsed Value="2026/01/06 23:45:10"/>
    </Item18>
    <Item19>
      <Name Value="fcl"/>
      <Version Major="1" Release="1"/>
      <LastUsed Value="2026/01/06 23:58:00"/>
    </Item19>
    <Item20>
      <Name Value="fpcunitide"/>
      <Version Minor="1"/>
      <LastUsed Value="2026/01/06 23:45:10"/>
    </Item20>
    <Item21>
      <Name Value="fpcunittestrunner"/>
      <Version Minor="1"/>
      <LastUsed Value="2025/05/22 11:14:46"/>
    </Item21>
    <Item22>
      <Name Value="fpdebug"/>
      <Version Major="1"/>
      <LastUsed Value="2026/01/06 23:58:00"/>
    </Item22>
    <Item23>
      <Name Value="freetypelaz"/>
      <Version Major="1"/>
      <LastUsed Value="2026/01/06 23:58:00"/>
    </Item23>
    <Item24>
      <Name Value="ideconfig"/>
      <Version Major="1"/>
      <LastUsed Value="2026/01/06 23:58:00"/>
    </Item24>
    <Item25>
      <Name Value="idedebugger"/>
      <Version Release="1"/>
      <LastUsed Value="2026/01/06 23:58:00"/>
    </Item25>
    <Item26>
      <Name Value="ideintf"/>
      <Version Major="1"/>
      <LastUsed Value="2026/01/06 23:58:00"/>
    </Item26>
    <Item27>
      <Name Value="idepackager"/>
      <Version Major="1"/>
      <LastUsed Value="2026/01/06 23:58:00"/>
    </Item27>
    <Item28>
      <Name Value="ideproject"/>
      <Version Major="1"/>
      <LastUsed Value="2026/01/06 23:58:00"/>
    </Item28>
    <Item29>
      <Name Value="ideutilspkg"/>
      <Version Major="1"/>
      <LastUsed Value="2026/01/06 23:58:00"/>
    </Item29>
    <Item30>
      <Name Value="instantfpclaz"/>
      <Version Major="1"/>
      <LastUsed Value="2026/01/06 23:45:10"/>
    </Item30>
    <Item31>
      <Name Value="jcfbase"/>
      <Version Major="1"/>
      <LastUsed Value="2026/01/06 23:45:10"/>
    </Item31>
    <Item32>
      <Name Value="jcfidelazarus"/>
      <Version Major="2"/>
      <LastUsed Value="2026/01/06 23:45:10"/>
    </Item32>
    <Item33>
      <Name Value="laz.virtualtreeview_package"/>
      <Version Major="5" Minor="5" Release="3" Build="1"/>
      <LastUsed Value="2026/01/06 23:58:00"/>
    </Item33>
    <Item34>
      <Name Value="lazcontroldsgn"/>
      <LastUsed Value="2026/01/06 23:58:00"/>
    </Item34>
    <Item35>
      <Name Value="lazcontrols"/>
      <Version Major="1" Release="1"/>
      <LastUsed Value="2026/01/06 23:58:00"/>
    </Item35>
    <Item36>
      <Name Value="lazcustforms"/>
      <Version Major="1"/>
      <LastUsed Value="2026/01/06 23:45:10"/>
    </Item36>
    <Item37>
      <Name Value="lazdbexport"/>
      <Version Major="1"/>
      <LastUsed Value="2026/01/06 23:45:11"/>
    </Item37>
    <Item38>
      <Name Value="lazdebuggerfp"/>
      <Version Major="1"/>
      <LastUsed Value="2026/01/06 23:58:00"/>
    </Item38>
    <Item39>
      <Name Value="lazdebuggerfplldb"/>
      <LastUsed Value="2026/01/06 23:58:00"/>
    </Item39>
    <Item40>
      <Name Value="lazdebuggergdbmi"/>
      <Version Minor="1"/>
      <LastUsed Value="2026/01/06 23:58:00"/>
    </Item40>
    <Item41>
      <Name Value="lazdebuggerintf"/>
      <Version Release="1"/>
      <LastUsed Value="2026/01/06 23:58:00"/>
    </Item41>
    <Item42>
      <Name Value="lazdebuggerlldb"/>
      <LastUsed Value="2026/01/06 23:58:00"/>
    </Item42>
    <Item43>
      <Name Value="lazedit"/>
      <Version Major="1"/>
      <LastUsed Value="2026/01/06 23:58:00"/>
    </Item43>
    <Item44>
      <Name Value="lazmouseandkeyinput"/>
      <Version Minor="9"/>
      <LastUsed Value="2026/01/06 23:45:10"/>
    </Item44>
    <Item45>
      <Name Value="lazopenglcontext"/>
      <Version Release="1"/>
      <LastUsed Value="2026/01/06 23:45:10"/>
    </Item45>
    <Item46>
      <Name Value="lazprojectgroups"/>
      <Version Minor="7"/>
      <LastUsed Value="2026/01/06 23:45:10"/>
    </Item46>
    <Item47>
      <Name Value="lazreport"/>
      <Version Major="1"/>
      <LastUsed Value="2026/01/06 23:45:10"/>
    </Item47>
    <Item48>
      <Name Value="laztestinsight"/>
      <LastUsed Value="2026/01/06 23:45:10"/>
    </Item48>
    <Item49>
      <Name Value="lazutils"/>
      <Version Major="1"/>
      <LastUsed Value="2026/01/06 23:58:00"/>
    </Item49>
    <Item50>
      <Name Value="lcl"/>
      <Version Major="4" Build="1"/>
      <LastUsed Value="2025/07/25 21:19:13"/>
    </Item50>
    <Item51>
      <Name Value="lcl"/>
      <Version Major="4" Minor="2"/>
      <LastUsed Value="2025/11/22 20:58:47"/>
    </Item51>
    <Item52>
      <Name Value="lcl"/>
      <Version Major="4" Minor="4"/>
      <LastUsed Value="2026/01/06 23:58:00"/>
    </Item52>
    <Item53>
      <Name Value="lclbase"/>
      <Version Major="4" Build="1"/>
      <LastUsed Value="2025/07/25 21:19:13"/>
    </Item53>
    <Item54>
      <Name Value="lclbase"/>
      <Version Major="4" Minor="2"/>
      <LastUsed Value="2025/11/22 20:58:47"/>
    </Item54>
    <Item55>
      <Name Value="lclbase"/>
      <Version Major="4" Minor="4"/>
      <LastUsed Value="2026/01/06 23:58:00"/>
    </Item55>
    <Item56>
      <Name Value="lclextensions_package"/>
      <Version Minor="6" Release="1"/>
      <LastUsed Value="2026/01/06 23:58:00"/>
    </Item56>
    <Item57>
      <Name Value="leakview"/>
      <Version Major="1"/>
      <LastUsed Value="2026/01/06 23:45:11"/>
    </Item57>
    <Item58>
      <Name Value="lhelpcontrolpkg"/>
      <Version Minor="2"/>
      <LastUsed Value="2026/01/06 23:45:10"/>
    </Item58>
    <Item59>
      <Name Value="lr_dialogdesign"/>
      <Version Minor="3" Release="1"/>
      <LastUsed Value="2024/04/19 23:14:58"/>
    </Item59>
    <Item60>
      <Name Value="memdslaz"/>
      <Version Major="1" Minor="2" Release="1"/>
      <LastUsed Value="2026/01/06 23:45:10"/>
    </Item60>
    <Item61>
      <Name Value="multithreadprocslaz"/>
      <Version Major="1" Minor="2" Release="1"/>
      <LastUsed Value="2023/12/04 21:14:43"/>
    </Item61>
    <Item62>
      <Name Value="onlinepackagemanager"/>
      <Version Major="1" Release="1" Build="2"/>
      <LastUsed Value="2026/01/06 23:45:11"/>
    </Item62>
    <Item63>
      <Name Value="pas2jscomponents"/>
      <Version Minor="1"/>
      <LastUsed Value="2026/01/06 23:45:11"/>
    </Item63>
    <Item64>
      <Name Value="pas2jsdsgn"/>
      <Version Major="1" Release="2"/>
      <LastUsed Value="2026/01/06 23:45:11"/>
    </Item64>
    <Item65>
      <Name Value="pascalscript"/>
      <Version Build="1"/>
      <LastUsed Value="2026/01/06 23:45:10"/>
    </Item65>
    <Item66>
      <Name Value="pascalscriptfcl"/>
      <Version Build="1"/>
      <LastUsed Value="2025/09/24 11:09:54"/>
    </Item66>
    <Item67>
      <Name Value="printer4lazarus"/>
      <Version Minor="5"/>
      <LastUsed Value="2026/01/06 23:45:10"/>
    </Item67>
    <Item68>
      <Name Value="printers4lazide"/>
      <LastUsed Value="2026/01/06 23:45:10"/>
    </Item68>
    <Item69>
      <Name Value="projtemplates"/>
      <Version Major="1"/>
      <LastUsed Value="2026/01/06 23:45:10"/>
    </Item69>
    <Item70>
      <Name Value="runtimetypeinfocontrols"/>
      <Version Minor="1"/>
      <LastUsed Value="2026/01/06 23:45:10"/>
    </Item70>
    <Item71>
      <Name Value="sdflaz"/>
      <Version Minor="1" Release="1"/>
      <LastUsed Value="2026/01/06 23:45:10"/>
    </Item71>
    <Item72>
      <Name Value="simplewebservergui"/>
      <Version Major="1"/>
      <LastUsed Value="2026/01/06 23:45:11"/>
    </Item72>
    <Item73>
      <Name Value="sqldblaz"/>
      <Version Major="1" Release="2"/>
      <LastUsed Value="2026/01/06 23:45:10"/>
    </Item73>
    <Item74>
      <Name Value="synedit"/>
      <Version Major="1"/>
      <LastUsed Value="2026/01/06 23:58:00"/>
    </Item74>
    <Item75>
      <Name Value="syneditdsgn"/>
      <Version Major="1"/>
      <LastUsed Value="2026/01/06 23:45:10"/>
    </Item75>
    <Item76>
      <Name Value="tachartlazaruspkg"/>
      <Version Major="1"/>
      <LastUsed Value="2026/01/06 23:45:10"/>
    </Item76>
    <Item77>
      <Name Value="todolistlaz"/>
      <Version Major="1" Release="3"/>
      <LastUsed Value="2026/01/06 23:45:10"/>
    </Item77>
    <Item78>
      <Name Value="turbopoweripro"/>
      <Version Major="1"/>
      <LastUsed Value="2026/01/06 23:45:10"/>
    </Item78>
    <Item79>
      <Name Value="turbopoweriprodsgn"/>
      <LastUsed Value="2026/01/06 23:45:11"/>
    </Item79>
    <Item80>
      <Name Value="weblaz"/>
      <Version Major="1" Release="1"/>
      <LastUsed Value="2026/01/06 23:45:11"/>
    </Item80>
  </GlobalPkgLinks>
</CONFIG>
