{
  "themes": [
    {
      "name": "Carbon Dark",
      "description": "Professional dark theme with carbon fiber styling",
      "baseColor": "#34495e",
      "borderColor": "#2c3e50",
      "textColor": "#ecf0f1",
      "hoverColor": "#3498db",
      "pressedColor": "#2980b9",
      "disabledColor": "#95a5a6",
      "gradientType": "linear",
      "cornerRadius": 8,
      "shadowEnabled": true,
      "shadowColor": "#000000",
      "shadowBlur": 10,
      "shadowOffsetX": 2,
      "shadowOffsetY": 2,
      "backgroundColor": "#2c3e50",
      "progressColor": "#3498db",
      "thumbColor": "#ecf0f1",
      "trackColor": "#34495e",
      "fontSize": 12,
      "fontStyle": "normal",
      "alignment": "left",
      "boxSize": 16,
      "boxColor": "#3498db",
      "checkColor": "#ecf0f1"
    },
    {
      "name": "Neon Glow",
      "description": "Vibrant neon theme with glowing effects",
      "baseColor": "#ff00ff",
      "borderColor": "#00ffff",
      "textColor": "#ffffff",
      "hoverColor": "#ffff00",
      "pressedColor": "#ff8800",
      "disabledColor": "#666666",
      "gradientType": "radial",
      "cornerRadius": 12,
      "shadowEnabled": true,
      "shadowColor": "#ff00ff",
      "shadowBlur": 20,
      "shadowOffsetX": 0,
      "shadowOffsetY": 0,
      "backgroundColor": "#0a0a0a",
      "progressColor": "#00ff00",
      "thumbColor": "#ff00ff",
      "trackColor": "#1a1a1a",
      "fontSize": 14,
      "fontStyle": "bold",
      "alignment": "center",
      "boxSize": 18,
      "boxColor": "#ff00ff",
      "checkColor": "#00ffff"
    },
    {
      "name": "Minimal Light",
      "description": "Clean minimal light theme",
      "baseColor": "#ffffff",
      "borderColor": "#e0e0e0",
      "textColor": "#333333",
      "hoverColor": "#f5f5f5",
      "pressedColor": "#e8e8e8",
      "disabledColor": "#cccccc",
      "gradientType": "solid",
      "cornerRadius": 4,
      "shadowEnabled": false,
      "shadowColor": "#000000",
      "shadowBlur": 0,
      "shadowOffsetX": 0,
      "shadowOffsetY": 0,
      "backgroundColor": "#fafafa",
      "progressColor": "#2196f3",
      "thumbColor": "#ffffff",
      "trackColor": "#e0e0e0",
      "fontSize": 11,
      "fontStyle": "normal",
      "alignment": "left",
      "boxSize": 14,
      "boxColor": "#2196f3",
      "checkColor": "#ffffff"
    },
    {
      "name": "Ocean Blue",
      "description": "Deep ocean inspired blue theme",
      "baseColor": "#1565c0",
      "borderColor": "#0d47a1",
      "textColor": "#ffffff",
      "hoverColor": "#1976d2",
      "pressedColor": "#0d47a1",
      "disabledColor": "#90caf9",
      "gradientType": "linear",
      "cornerRadius": 6,
      "shadowEnabled": true,
      "shadowColor": "#01579b",
      "shadowBlur": 8,
      "shadowOffsetX": 1,
      "shadowOffsetY": 1,
      "backgroundColor": "#0d47a1",
      "progressColor": "#40c4ff",
      "thumbColor": "#ffffff",
      "trackColor": "#1565c0",
      "fontSize": 12,
      "fontStyle": "normal",
      "alignment": "center",
      "boxSize": 16,
      "boxColor": "#40c4ff",
      "checkColor": "#ffffff"
    },
    {
      "name": "Forest Green",
      "description": "Natural forest green theme",
      "baseColor": "#2e7d32",
      "borderColor": "#1b5e20",
      "textColor": "#ffffff",
      "hoverColor": "#388e3c",
      "pressedColor": "#1b5e20",
      "disabledColor": "#a5d6a7",
      "gradientType": "linear",
      "cornerRadius": 8,
      "shadowEnabled": true,
      "shadowColor": "#1b5e20",
      "shadowBlur": 6,
      "shadowOffsetX": 2,
      "shadowOffsetY": 2,
      "backgroundColor": "#1b5e20",
      "progressColor": "#66bb6a",
      "thumbColor": "#ffffff",
      "trackColor": "#2e7d32",
      "fontSize": 12,
      "fontStyle": "normal",
      "alignment": "left",
      "boxSize": 16,
      "boxColor": "#66bb6a",
      "checkColor": "#ffffff"
    },
    {
      "name": "Sunset Orange",
      "description": "Warm sunset orange theme",
      "baseColor": "#ff6f00",
      "borderColor": "#e65100",
      "textColor": "#ffffff",
      "hoverColor": "#ff8f00",
      "pressedColor": "#e65100",
      "disabledColor": "#ffcc80",
      "gradientType": "radial",
      "cornerRadius": 10,
      "shadowEnabled": true,
      "shadowColor": "#e65100",
      "shadowBlur": 12,
      "shadowOffsetX": 2,
      "shadowOffsetY": 2,
      "backgroundColor": "#e65100",
      "progressColor": "#ffa726",
      "thumbColor": "#ffffff",
      "trackColor": "#ff6f00",
      "fontSize": 13,
      "fontStyle": "bold",
      "alignment": "center",
      "boxSize": 18,
      "boxColor": "#ffa726",
      "checkColor": "#ffffff"
    },
    {
      "name": "Candy Pink",
      "description": "Sweet candy pink theme",
      "baseColor": "#ec407a",
      "borderColor": "#d81b60",
      "textColor": "#ffffff",
      "hoverColor": "#f06292",
      "pressedColor": "#d81b60",
      "disabledColor": "#f8bbd0",
      "gradientType": "linear",
      "cornerRadius": 10,
      "shadowEnabled": true,
      "shadowColor": "#d81b60",
      "shadowBlur": 12,
      "shadowOffsetX": 2,
      "shadowOffsetY": 2,
      "backgroundColor": "#f8bbd0",
      "progressColor": "#ff4081",
      "thumbColor": "#ffffff",
      "trackColor": "#ec407a",
      "fontSize": 12,
      "fontStyle": "bold",
      "alignment": "center",
      "boxSize": 16,
      "boxColor": "#ff4081",
      "checkColor": "#ffffff"
    },
    {
      "name": "Royal Purple",
      "description": "Luxurious royal purple theme",
      "baseColor": "#7b1fa2",
      "borderColor": "#6a1b9a",
      "textColor": "#ffffff",
      "hoverColor": "#8e24aa",
      "pressedColor": "#6a1b9a",
      "disabledColor": "#ce93d8",
      "gradientType": "linear",
      "cornerRadius": 12,
      "shadowEnabled": true,
      "shadowColor": "#4a148c",
      "shadowBlur": 15,
      "shadowOffsetX": 2,
      "shadowOffsetY": 2,
      "backgroundColor": "#6a1b9a",
      "progressColor": "#ab47bc",
      "thumbColor": "#ffffff",
      "trackColor": "#7b1fa2",
      "fontSize": 13,
      "fontStyle": "bold",
      "alignment": "center",
      "boxSize": 18,
      "boxColor": "#ab47bc",
      "checkColor": "#ffffff"
    },
    {
      "name": "Electric Blue",
      "description": "High-energy electric blue theme",
      "baseColor": "#1976d2",
      "borderColor": "#1565c0",
      "textColor": "#ffffff",
      "hoverColor": "#1e88e5",
      "pressedColor": "#1565c0",
      "disabledColor": "#90caf9",
      "gradientType": "radial",
      "cornerRadius": 8,
      "shadowEnabled": true,
      "shadowColor": "#0d47a1",
      "shadowBlur": 20,
      "shadowOffsetX": 0,
      "shadowOffsetY": 0,
      "backgroundColor": "#1565c0",
      "progressColor": "#42a5f5",
      "thumbColor": "#ffffff",
      "trackColor": "#1976d2",
      "fontSize": 12,
      "fontStyle": "bold",
      "alignment": "center",
      "boxSize": 16,
      "boxColor": "#42a5f5",
      "checkColor": "#ffffff"
    },
    {
      "name": "Cherry Red",
      "description": "Sweet cherry red theme",
      "baseColor": "#e53935",
      "borderColor": "#d32f2f",
      "textColor": "#ffffff",
      "hoverColor": "#ef5350",
      "pressedColor": "#d32f2f",
      "disabledColor": "#ef9a9a",
      "gradientType": "linear",
      "cornerRadius": 6,
      "shadowEnabled": true,
      "shadowColor": "#b71c1c",
      "shadowBlur": 10,
      "shadowOffsetX": 2,
      "shadowOffsetY": 2,
      "backgroundColor": "#d32f2f",
      "progressColor": "#f44336",
      "thumbColor": "#ffffff",
      "trackColor": "#e53935",
      "fontSize": 12,
      "fontStyle": "bold",
      "alignment": "center",
      "boxSize": 16,
      "boxColor": "#f44336",
      "checkColor": "#ffffff"
    },
    {
      "name": "Mint Green",
      "description": "Cool mint green theme",
      "baseColor": "#26a69a",
      "borderColor": "#00897b",
      "textColor": "#ffffff",
      "hoverColor": "#4db6ac",
      "pressedColor": "#00897b",
      "disabledColor": "#80cbc4",
      "gradientType": "linear",
      "cornerRadius": 8,
      "shadowEnabled": true,
      "shadowColor": "#00695c",
      "shadowBlur": 8,
      "shadowOffsetX": 1,
      "shadowOffsetY": 1,
      "backgroundColor": "#00897b",
      "progressColor": "#4db6ac",
      "thumbColor": "#ffffff",
      "trackColor": "#26a69a",
      "fontSize": 11,
      "fontStyle": "normal",
      "alignment": "left",
      "boxSize": 14,
      "boxColor": "#4db6ac",
      "checkColor": "#ffffff"
    },
    {
      "name": "Amber Gold",
      "description": "Rich amber gold theme",
      "baseColor": "#ffa000",
      "borderColor": "#ff8f00",
      "textColor": "#000000",
      "hoverColor": "#ffb300",
      "pressedColor": "#ff8f00",
      "disabledColor": "#ffe082",
      "gradientType": "radial",
      "cornerRadius": 10,
      "shadowEnabled": true,
      "shadowColor": "#ff6f00",
      "shadowBlur": 15,
      "shadowOffsetX": 2,
      "shadowOffsetY": 2,
      "backgroundColor": "#fff59d",
      "progressColor": "#ffd54f",
      "thumbColor": "#000000",
      "trackColor": "#ffa000",
      "fontSize": 13,
      "fontStyle": "bold",
      "alignment": "center",
      "boxSize": 18,
      "boxColor": "#ffd54f",
      "checkColor": "#000000"
    },
    {
      "name": "Slate Gray",
      "description": "Professional slate gray theme",
      "baseColor": "#546e7a",
      "borderColor": "#455a64",
      "textColor": "#ffffff",
      "hoverColor": "#607d8b",
      "pressedColor": "#455a64",
      "disabledColor": "#78909c",
      "gradientType": "solid",
      "cornerRadius": 2,
      "shadowEnabled": false,
      "shadowColor": "#37474f",
      "shadowBlur": 0,
      "shadowOffsetX": 0,
      "shadowOffsetY": 0,
      "backgroundColor": "#455a64",
      "progressColor": "#4fc3f7",
      "thumbColor": "#ffffff",
      "trackColor": "#546e7a",
      "fontSize": 11,
      "fontStyle": "normal",
      "alignment": "left",
      "boxSize": 14,
      "boxColor": "#4fc3f7",
      "checkColor": "#ffffff"
    },
    {
      "name": "Teal Ocean",
      "description": "Deep teal ocean theme",
      "baseColor": "#00695c",
      "borderColor": "#004d40",
      "textColor": "#ffffff",
      "hoverColor": "#00796b",
      "pressedColor": "#004d40",
      "disabledColor": "#4db6ac",
      "gradientType": "linear",
      "cornerRadius": 8,
      "shadowEnabled": true,
      "shadowColor": "#00251a",
      "shadowBlur": 12,
      "shadowOffsetX": 2,
      "shadowOffsetY": 2,
      "backgroundColor": "#004d40",
      "progressColor": "#26a69a",
      "thumbColor": "#ffffff",
      "trackColor": "#00695c",
      "fontSize": 12,
      "fontStyle": "normal",
      "alignment": "center",
      "boxSize": 16,
      "boxColor": "#26a69a",
      "checkColor": "#ffffff"
    },
    {
      "name": "Ruby Red",
      "description": "Precious ruby red theme",
      "baseColor": "#c62828",
      "borderColor": "#b71c1c",
      "textColor": "#ffffff",
      "hoverColor": "#d32f2f",
      "pressedColor": "#b71c1c",
      "disabledColor": "#ef9a9a",
      "gradientType": "linear",
      "cornerRadius": 8,
      "shadowEnabled": true,
      "shadowColor": "#8e0000",
      "shadowBlur": 10,
      "shadowOffsetX": 2,
      "shadowOffsetY": 2,
      "backgroundColor": "#b71c1c",
      "progressColor": "#e53935",
      "thumbColor": "#ffffff",
      "trackColor": "#c62828",
      "fontSize": 12,
      "fontStyle": "bold",
      "alignment": "center",
      "boxSize": 16,
      "boxColor": "#e53935",
      "checkColor": "#ffffff"
    },
    {
      "name": "Sky Blue",
      "description": "Clear sky blue theme",
      "baseColor": "#039be5",
      "borderColor": "#0288d1",
      "textColor": "#ffffff",
      "hoverColor": "#03a9f4",
      "pressedColor": "#0288d1",
      "disabledColor": "#81d4fa",
      "gradientType": "linear",
      "cornerRadius": 6,
      "shadowEnabled": true,
      "shadowColor": "#01579b",
      "shadowBlur": 8,
      "shadowOffsetX": 1,
      "shadowOffsetY": 1,
      "backgroundColor": "#0288d1",
      "progressColor": "#29b6f6",
      "thumbColor": "#ffffff",
      "trackColor": "#039be5",
      "fontSize": 11,
      "fontStyle": "normal",
      "alignment": "left",
      "boxSize": 14,
      "boxColor": "#29b6f6",
      "checkColor": "#ffffff"
    },
    {
      "name": "Emerald Green",
      "description": "Rich emerald green theme",
      "baseColor": "#2e7d32",
      "borderColor": "#1b5e20",
      "textColor": "#ffffff",
      "hoverColor": "#388e3c",
      "pressedColor": "#1b5e20",
      "disabledColor": "#a5d6a7",
      "gradientType": "radial",
      "cornerRadius": 10,
      "shadowEnabled": true,
      "shadowColor": "#1b5e20",
      "shadowBlur": 15,
      "shadowOffsetX": 2,
      "shadowOffsetY": 2,
      "backgroundColor": "#1b5e20",
      "progressColor": "#4caf50",
      "thumbColor": "#ffffff",
      "trackColor": "#2e7d32",
      "fontSize": 13,
      "fontStyle": "bold",
      "alignment": "center",
      "boxSize": 18,
      "boxColor": "#4caf50",
      "checkColor": "#ffffff"
    },
    {
      "name": "Coral Orange",
      "description": "Warm coral orange theme",
      "baseColor": "#ff5722",
      "borderColor": "#e64a19",
      "textColor": "#ffffff",
      "hoverColor": "#ff7043",
      "pressedColor": "#e64a19",
      "disabledColor": "#ffab91",
      "gradientType": "linear",
      "cornerRadius": 8,
      "shadowEnabled": true,
      "shadowColor": "#d84315",
      "shadowBlur": 10,
      "shadowOffsetX": 2,
      "shadowOffsetY": 2,
      "backgroundColor": "#e64a19",
      "progressColor": "#ff6e40",
      "thumbColor": "#ffffff",
      "trackColor": "#ff5722",
      "fontSize": 12,
      "fontStyle": "bold",
      "alignment": "center",
      "boxSize": 16,
      "boxColor": "#ff6e40",
      "checkColor": "#ffffff"
    },
    {
      "name": "Lavender Purple",
      "description": "Soft lavender purple theme",
      "baseColor": "#9c27b0",
      "borderColor": "#7b1fa2",
      "textColor": "#ffffff",
      "hoverColor": "#ab47bc",
      "pressedColor": "#7b1fa2",
      "disabledColor": "#e1bee7",
      "gradientType": "linear",
      "cornerRadius": 8,
      "shadowEnabled": true,
      "shadowColor": "#4a148c",
      "shadowBlur": 8,
      "shadowOffsetX": 1,
      "shadowOffsetY": 1,
      "backgroundColor": "#7b1fa2",
      "progressColor": "#ba68c8",
      "thumbColor": "#ffffff",
      "trackColor": "#9c27b0",
      "fontSize": 11,
      "fontStyle": "normal",
      "alignment": "left",
      "boxSize": 14,
      "boxColor": "#ba68c8",
      "checkColor": "#ffffff"
    },
    {
      "name": "Bronze Metal",
      "description": "Metallic bronze theme",
      "baseColor": "#8d6e63",
      "borderColor": "#6d4c41",
      "textColor": "#ffffff",
      "hoverColor": "#a1887f",
      "pressedColor": "#6d4c41",
      "disabledColor": "#bcaaa4",
      "gradientType": "linear",
      "cornerRadius": 6,
      "shadowEnabled": true,
      "shadowColor": "#4e342e",
      "shadowBlur": 8,
      "shadowOffsetX": 2,
      "shadowOffsetY": 2,
      "backgroundColor": "#6d4c41",
      "progressColor": "#8d6e63",
      "thumbColor": "#ffffff",
      "trackColor": "#8d6e63",
      "fontSize": 12,
      "fontStyle": "normal",
      "alignment": "center",
      "boxSize": 16,
      "boxColor": "#8d6e63",
      "checkColor": "#ffffff"
    },
    {
      "name": "Silver Chrome",
      "description": "Modern silver chrome theme",
      "baseColor": "#9e9e9e",
      "borderColor": "#757575",
      "textColor": "#000000",
      "hoverColor": "#bdbdbd",
      "pressedColor": "#757575",
      "disabledColor": "#e0e0e0",
      "gradientType": "linear",
      "cornerRadius": 4,
      "shadowEnabled": true,
      "shadowColor": "#424242",
      "shadowBlur": 6,
      "shadowOffsetX": 1,
      "shadowOffsetY": 1,
      "backgroundColor": "#bdbdbd",
      "progressColor": "#9e9e9e",
      "thumbColor": "#ffffff",
      "trackColor": "#757575",
      "fontSize": 11,
      "fontStyle": "normal",
      "alignment": "left",
      "boxSize": 14,
      "boxColor": "#9e9e9e",
      "checkColor": "#000000"
    },
    {
      "name": "Rose Pink",
      "description": "Delicate rose pink theme",
      "baseColor": "#e91e63",
      "borderColor": "#c2185b",
      "textColor": "#ffffff",
      "hoverColor": "#f06292",
      "pressedColor": "#c2185b",
      "disabledColor": "#f8bbd0",
      "gradientType": "linear",
      "cornerRadius": 8,
      "shadowEnabled": true,
      "shadowColor": "#880e4f",
      "shadowBlur": 10,
      "shadowOffsetX": 2,
      "shadowOffsetY": 2,
      "backgroundColor": "#c2185b",
      "progressColor": "#f06292",
      "thumbColor": "#ffffff",
      "trackColor": "#e91e63",
      "fontSize": 12,
      "fontStyle": "bold",
      "alignment": "center",
      "boxSize": 16,
      "boxColor": "#f06292",
      "checkColor": "#ffffff"
    },
    {
      "name": "Indigo Night",
      "description": "Deep indigo night theme",
      "baseColor": "#303f9f",
      "borderColor": "#283593",
      "textColor": "#ffffff",
      "hoverColor": "#3949ab",
      "pressedColor": "#283593",
      "disabledColor": "#9fa8da",
      "gradientType": "radial",
      "cornerRadius": 10,
      "shadowEnabled": true,
      "shadowColor": "#1a237e",
      "shadowBlur": 15,
      "shadowOffsetX": 2,
      "shadowOffsetY": 2,
      "backgroundColor": "#283593",
      "progressColor": "#5c6bc0",
      "thumbColor": "#ffffff",
      "trackColor": "#303f9f",
      "fontSize": 13,
      "fontStyle": "bold",
      "alignment": "center",
      "boxSize": 18,
      "boxColor": "#5c6bc0",
      "checkColor": "#ffffff"
    }
  ]
}
