{
  "themes": [
    {
      "name": "Carbon Dark",
      "description": "Professional dark theme with carbon fiber styling",
      "baseColor": "#34495e",
      "borderColor": "#2c3e50",
      "textColor": "#ecf0f1",
      "hoverColor": "#3498db",
      "pressedColor": "#2980b9",
      "disabledColor": "#95a5a6",
      "gradientType": "linear",
      "cornerRadius": 8,
      "shadowEnabled": true,
      "shadowColor": "#000000",
      "shadowBlur": 10,
      "shadowOffsetX": 2,
      "shadowOffsetY": 2,
      "backgroundColor": "#2c3e50",
      "progressColor": "#3498db",
      "thumbColor": "#ecf0f1",
      "trackColor": "#34495e",
      "fontSize": 12,
      "fontStyle": "normal",
      "alignment": "left",
      "boxSize": 16,
      "boxColor": "#3498db",
      "checkColor": "#ecf0f1",
      "focusColor": "#3498db",
      "arrowColor": "#ecf0f1",
      "dropDownColor": "#2c3e50",
      "selectedColor": "#3498db",
      "selectedTextColor": "#ecf0f1",
      "captionColor": "#ecf0f1",
      "fontColor": "#ecf0f1",
      "placeholderColor": "#95a5a6",
      "thumbHoverColor": "#5dade2",
      "thumbPressedColor": "#2980b9",
      "successColor": "#27ae60",
      "warningColor": "#f39c12",
      "shadowOffset": 2,
      "itemHeight": 20,
      "segmentCount": 4,
      "thumbSize": 16,
      "showBorder": true,
      "showText": true,
      "showPercentage": true,
      "showButtons": true
    },
    {
      "name": "Neon Glow",
      "description": "Vibrant neon theme with glowing effects",
      "baseColor": "#ff00ff",
      "borderColor": "#00ffff",
      "textColor": "#ffffff",
      "hoverColor": "#ffff00",
      "pressedColor": "#ff8800",
      "disabledColor": "#666666",
      "gradientType": "radial",
      "cornerRadius": 12,
      "shadowEnabled": true,
      "shadowColor": "#ff00ff",
      "shadowBlur": 20,
      "shadowOffsetX": 0,
      "shadowOffsetY": 0,
      "backgroundColor": "#0a0a0a",
      "progressColor": "#00ff00",
      "thumbColor": "#ff00ff",
      "trackColor": "#1a1a1a",
      "fontSize": 14,
      "fontStyle": "bold",
      "alignment": "center",
      "boxSize": 18,
      "boxColor": "#ff00ff",
      "checkColor": "#00ffff",
      "focusColor": "#00ffff",
      "arrowColor": "#ffffff",
      "dropDownColor": "#1a1a1a",
      "selectedColor": "#ff00ff",
      "selectedTextColor": "#ffffff",
      "captionColor": "#ffffff",
      "fontColor": "#ffffff",
      "placeholderColor": "#999999",
      "thumbHoverColor": "#ff66ff",
      "thumbPressedColor": "#cc00cc",
      "successColor": "#00ff00",
      "warningColor": "#ffff00",
      "shadowOffset": 0,
      "itemHeight": 22,
      "segmentCount": 6,
      "thumbSize": 18,
      "showBorder": true,
      "showText": true,
      "showPercentage": true,
      "showButtons": true
    },
    {
      "name": "Minimal Light",
      "description": "Clean minimal light theme",
      "baseColor": "#ffffff",
      "borderColor": "#e0e0e0",
      "textColor": "#333333",
      "hoverColor": "#f5f5f5",
      "pressedColor": "#e8e8e8",
      "disabledColor": "#cccccc",
      "gradientType": "solid",
      "cornerRadius": 4,
      "shadowEnabled": false,
      "shadowColor": "#000000",
      "shadowBlur": 0,
      "shadowOffsetX": 0,
      "shadowOffsetY": 0,
      "backgroundColor": "#fafafa",
      "progressColor": "#2196f3",
      "thumbColor": "#ffffff",
      "trackColor": "#e0e0e0",
      "fontSize": 11,
      "fontStyle": "normal",
      "alignment": "left",
      "boxSize": 14,
      "boxColor": "#2196f3",
      "checkColor": "#ffffff",
      "focusColor": "#2196f3",
      "arrowColor": "#333333",
      "dropDownColor": "#f5f5f5",
      "selectedColor": "#2196f3",
      "selectedTextColor": "#ffffff",
      "captionColor": "#333333",
      "fontColor": "#333333",
      "placeholderColor": "#999999",
      "thumbHoverColor": "#64b5f6",
      "thumbPressedColor": "#1976d2",
      "successColor": "#4caf50",
      "warningColor": "#ff9800",
      "shadowOffset": 0,
      "itemHeight": 18,
      "segmentCount": 3,
      "thumbSize": 14,
      "showBorder": true,
      "showText": true,
      "showPercentage": true,
      "showButtons": true
    },
    {
      "name": "Ocean Blue",
      "description": "Deep ocean inspired blue theme",
      "baseColor": "#1565c0",
      "borderColor": "#0d47a1",
      "textColor": "#ffffff",
      "hoverColor": "#1976d2",
      "pressedColor": "#0d47a1",
      "disabledColor": "#90caf9",
      "gradientType": "linear",
      "cornerRadius": 6,
      "shadowEnabled": true,
      "shadowColor": "#01579b",
      "shadowBlur": 8,
      "shadowOffsetX": 1,
      "shadowOffsetY": 1,
      "backgroundColor": "#0d47a1",
      "progressColor": "#40c4ff",
      "thumbColor": "#ffffff",
      "trackColor": "#1565c0",
      "fontSize": 12,
      "fontStyle": "normal",
      "alignment": "center",
      "boxSize": 16,
      "boxColor": "#40c4ff",
      "checkColor": "#ffffff",
      "focusColor": "#40c4ff",
      "arrowColor": "#ffffff",
      "dropDownColor": "#0d47a1",
      "selectedColor": "#40c4ff",
      "selectedTextColor": "#ffffff",
      "captionColor": "#ffffff",
      "fontColor": "#ffffff",
      "placeholderColor": "#90caf9",
      "thumbHoverColor": "#81d4fa",
      "thumbPressedColor": "#01579b",
      "successColor": "#4caf50",
      "warningColor": "#ffc107",
      "shadowOffset": 1,
      "itemHeight": 20,
      "segmentCount": 4,
      "thumbSize": 16,
      "showBorder": true,
      "showText": true,
      "showPercentage": true,
      "showButtons": true
    },
    {
      "name": "Forest Green",
      "description": "Natural forest green theme",
      "baseColor": "#2e7d32",
      "borderColor": "#1b5e20",
      "textColor": "#ffffff",
      "hoverColor": "#388e3c",
      "pressedColor": "#1b5e20",
      "disabledColor": "#a5d6a7",
      "gradientType": "linear",
      "cornerRadius": 8,
      "shadowEnabled": true,
      "shadowColor": "#1b5e20",
      "shadowBlur": 6,
      "shadowOffsetX": 2,
      "shadowOffsetY": 2,
      "backgroundColor": "#1b5e20",
      "progressColor": "#66bb6a",
      "thumbColor": "#ffffff",
      "trackColor": "#2e7d32",
      "fontSize": 12,
      "fontStyle": "normal",
      "alignment": "left",
      "boxSize": 16,
      "boxColor": "#66bb6a",
      "checkColor": "#ffffff",
      "focusColor": "#66bb6a",
      "arrowColor": "#ffffff",
      "dropDownColor": "#1b5e20",
      "selectedColor": "#66bb6a",
      "selectedTextColor": "#ffffff",
      "captionColor": "#ffffff",
      "fontColor": "#ffffff",
      "placeholderColor": "#a5d6a7",
      "thumbHoverColor": "#81c784",
      "thumbPressedColor": "#1b5e20",
      "successColor": "#4caf50",
      "warningColor": "#ff9800",
      "shadowOffset": 2,
      "itemHeight": 20,
      "segmentCount": 4,
      "thumbSize": 16,
      "showBorder": true,
      "showText": true,
      "showPercentage": true,
      "showButtons": true
    },
    {
      "name": "Sunset Orange",
      "description": "Warm sunset orange theme",
      "baseColor": "#ff6f00",
      "borderColor": "#e65100",
      "textColor": "#ffffff",
      "hoverColor": "#ff8f00",
      "pressedColor": "#e65100",
      "disabledColor": "#ffcc80",
      "gradientType": "radial",
      "cornerRadius": 10,
      "shadowEnabled": true,
      "shadowColor": "#e65100",
      "shadowBlur": 12,
      "shadowOffsetX": 2,
      "shadowOffsetY": 2,
      "backgroundColor": "#e65100",
      "progressColor": "#ffa726",
      "thumbColor": "#ffffff",
      "trackColor": "#ff6f00",
      "fontSize": 13,
      "fontStyle": "bold",
      "alignment": "center",
      "boxSize": 18,
      "boxColor": "#ffa726",
      "checkColor": "#ffffff",
      "focusColor": "#ffa726",
      "arrowColor": "#ffffff",
      "dropDownColor": "#e65100",
      "selectedColor": "#ffa726",
      "selectedTextColor": "#000000",
      "captionColor": "#ffffff",
      "fontColor": "#ffffff",
      "placeholderColor": "#ffcc80",
      "thumbHoverColor": "#ffb74d",
      "thumbPressedColor": "#e65100",
      "successColor": "#4caf50",
      "warningColor": "#ff9800",
      "shadowOffset": 2,
      "itemHeight": 22,
      "segmentCount": 5,
      "thumbSize": 18,
      "showBorder": true,
      "showText": true,
      "showPercentage": true,
      "showButtons": true
    },
    {
      "name": "Candy Pink",
      "description": "Sweet candy pink theme",
      "baseColor": "#ec407a",
      "borderColor": "#d81b60",
      "textColor": "#ffffff",
      "hoverColor": "#f06292",
      "pressedColor": "#d81b60",
      "disabledColor": "#f8bbd0",
      "gradientType": "linear",
      "cornerRadius": 10,
      "shadowEnabled": true,
      "shadowColor": "#d81b60",
      "shadowBlur": 12,
      "shadowOffsetX": 2,
      "shadowOffsetY": 2,
      "backgroundColor": "#f8bbd0",
      "progressColor": "#ff4081",
      "thumbColor": "#ffffff",
      "trackColor": "#ec407a",
      "fontSize": 12,
      "fontStyle": "bold",
      "alignment": "center",
      "boxSize": 16,
      "boxColor": "#ff4081",
      "checkColor": "#ffffff",
      "focusColor": "#ff4081",
      "arrowColor": "#ffffff",
      "dropDownColor": "#d81b60",
      "selectedColor": "#ff4081",
      "selectedTextColor": "#ffffff",
      "captionColor": "#ffffff",
      "fontColor": "#ffffff",
      "placeholderColor": "#f8bbd0",
      "thumbHoverColor": "#f06292",
      "thumbPressedColor": "#d81b60",
      "successColor": "#4caf50",
      "warningColor": "#ff9800",
      "shadowOffset": 2,
      "itemHeight": 20,
      "segmentCount": 4,
      "thumbSize": 16,
      "showBorder": true,
      "showText": true,
      "showPercentage": true,
      "showButtons": true
    },
    {
      "name": "Royal Purple",
      "description": "Luxurious royal purple theme",
      "baseColor": "#7b1fa2",
      "borderColor": "#6a1b9a",
      "textColor": "#ffffff",
      "hoverColor": "#8e24aa",
      "pressedColor": "#6a1b9a",
      "disabledColor": "#ce93d8",
      "gradientType": "linear",
      "cornerRadius": 12,
      "shadowEnabled": true,
      "shadowColor": "#4a148c",
      "shadowBlur": 15,
      "shadowOffsetX": 2,
      "shadowOffsetY": 2,
      "backgroundColor": "#6a1b9a",
      "progressColor": "#ab47bc",
      "thumbColor": "#ffffff",
      "trackColor": "#7b1fa2",
      "fontSize": 13,
      "fontStyle": "bold",
      "alignment": "center",
      "boxSize": 18,
      "boxColor": "#ab47bc",
      "checkColor": "#ffffff",
      "focusColor": "#ab47bc",
      "arrowColor": "#ffffff",
      "dropDownColor": "#6a1b9a",
      "selectedColor": "#ab47bc",
      "selectedTextColor": "#ffffff",
      "captionColor": "#ffffff",
      "fontColor": "#ffffff",
      "placeholderColor": "#ce93d8",
      "thumbHoverColor": "#ba68c8",
      "thumbPressedColor": "#4a148c",
      "successColor": "#4caf50",
      "warningColor": "#ff9800",
      "shadowOffset": 2,
      "itemHeight": 22,
      "segmentCount": 5,
      "thumbSize": 18,
      "showBorder": true,
      "showText": true,
      "showPercentage": true,
      "showButtons": true
    },
    {
      "name": "Electric Blue",
      "description": "High-energy electric blue theme",
      "baseColor": "#1976d2",
      "borderColor": "#1565c0",
      "textColor": "#ffffff",
      "hoverColor": "#1e88e5",
      "pressedColor": "#1565c0",
      "disabledColor": "#90caf9",
      "gradientType": "radial",
      "cornerRadius": 8,
      "shadowEnabled": true,
      "shadowColor": "#0d47a1",
      "shadowBlur": 20,
      "shadowOffsetX": 0,
      "shadowOffsetY": 0,
      "backgroundColor": "#1565c0",
      "progressColor": "#42a5f5",
      "thumbColor": "#ffffff",
      "trackColor": "#1976d2",
      "fontSize": 12,
      "fontStyle": "bold",
      "alignment": "center",
      "boxSize": 16,
      "boxColor": "#42a5f5",
      "checkColor": "#ffffff",
      "focusColor": "#42a5f5",
      "arrowColor": "#ffffff",
      "dropDownColor": "#1565c0",
      "selectedColor": "#42a5f5",
      "selectedTextColor": "#ffffff",
      "captionColor": "#ffffff",
      "fontColor": "#ffffff",
      "placeholderColor": "#90caf9",
      "thumbHoverColor": "#64b5f6",
      "thumbPressedColor": "#0d47a1",
      "successColor": "#4caf50",
      "warningColor": "#ff9800",
      "shadowOffset": 0,
      "itemHeight": 20,
      "segmentCount": 4,
      "thumbSize": 16,
      "showBorder": true,
      "showText": true,
      "showPercentage": true,
      "showButtons": true
    },
    {
      "name": "Cherry Red",
      "description": "Sweet cherry red theme",
      "baseColor": "#e53935",
      "borderColor": "#d32f2f",
      "textColor": "#ffffff",
      "hoverColor": "#ef5350",
      "pressedColor": "#d32f2f",
      "disabledColor": "#ef9a9a",
      "gradientType": "linear",
      "cornerRadius": 6,
      "shadowEnabled": true,
      "shadowColor": "#b71c1c",
      "shadowBlur": 10,
      "shadowOffsetX": 2,
      "shadowOffsetY": 2,
      "backgroundColor": "#d32f2f",
      "progressColor": "#f44336",
      "thumbColor": "#ffffff",
      "trackColor": "#e53935",
      "fontSize": 12,
      "fontStyle": "bold",
      "alignment": "center",
      "boxSize": 16,
      "boxColor": "#f44336",
      "checkColor": "#ffffff",
      "focusColor": "#f44336",
      "arrowColor": "#ffffff",
      "dropDownColor": "#d32f2f",
      "selectedColor": "#f44336",
      "selectedTextColor": "#ffffff",
      "captionColor": "#ffffff",
      "fontColor": "#ffffff",
      "placeholderColor": "#ef9a9a",
      "thumbHoverColor": "#ef5350",
      "thumbPressedColor": "#b71c1c",
      "successColor": "#4caf50",
      "warningColor": "#ff9800",
      "shadowOffset": 2,
      "itemHeight": 20,
      "segmentCount": 4,
      "thumbSize": 16,
      "showBorder": true,
      "showText": true,
      "showPercentage": true,
      "showButtons": true
    },
    {
      "name": "Mint Green",
      "description": "Cool mint green theme",
      "baseColor": "#26a69a",
      "borderColor": "#00897b",
      "textColor": "#ffffff",
      "hoverColor": "#4db6ac",
      "pressedColor": "#00897b",
      "disabledColor": "#80cbc4",
      "gradientType": "linear",
      "cornerRadius": 8,
      "shadowEnabled": true,
      "shadowColor": "#00695c",
      "shadowBlur": 8,
      "shadowOffsetX": 1,
      "shadowOffsetY": 1,
      "backgroundColor": "#00897b",
      "progressColor": "#4db6ac",
      "thumbColor": "#ffffff",
      "trackColor": "#26a69a",
      "fontSize": 11,
      "fontStyle": "normal",
      "alignment": "left",
      "boxSize": 14,
      "boxColor": "#4db6ac",
      "checkColor": "#ffffff",
      "focusColor": "#4db6ac",
      "arrowColor": "#ffffff",
      "dropDownColor": "#00897b",
      "selectedColor": "#4db6ac",
      "selectedTextColor": "#ffffff",
      "captionColor": "#ffffff",
      "fontColor": "#ffffff",
      "placeholderColor": "#80cbc4",
      "thumbHoverColor": "#80cbc4",
      "thumbPressedColor": "#00695c",
      "successColor": "#4caf50",
      "warningColor": "#ff9800",
      "shadowOffset": 1,
      "itemHeight": 18,
      "segmentCount": 3,
      "thumbSize": 14,
      "showBorder": true,
      "showText": true,
      "showPercentage": true,
      "showButtons": true
    },
    {
      "name": "Amber Gold",
      "description": "Rich amber gold theme",
      "baseColor": "#ffa000",
      "borderColor": "#ff8f00",
      "textColor": "#000000",
      "hoverColor": "#ffb300",
      "pressedColor": "#ff8f00",
      "disabledColor": "#ffe082",
      "gradientType": "radial",
      "cornerRadius": 10,
      "shadowEnabled": true,
      "shadowColor": "#ff6f00",
      "shadowBlur": 15,
      "shadowOffsetX": 2,
      "shadowOffsetY": 2,
      "backgroundColor": "#fff59d",
      "progressColor": "#ffd54f",
      "thumbColor": "#000000",
      "trackColor": "#ffa000",
      "fontSize": 13,
      "fontStyle": "bold",
      "alignment": "center",
      "boxSize": 18,
      "boxColor": "#ffd54f",
      "checkColor": "#000000",
      "focusColor": "#ffd54f",
      "arrowColor": "#000000",
      "dropDownColor": "#fff59d",
      "selectedColor": "#ffd54f",
      "selectedTextColor": "#000000",
      "captionColor": "#000000",
      "fontColor": "#000000",
      "placeholderColor": "#ffe082",
      "thumbHoverColor": "#ffecb3",
      "thumbPressedColor": "#ff6f00",
      "successColor": "#4caf50",
      "warningColor": "#ff9800",
      "shadowOffset": 2,
      "itemHeight": 22,
      "segmentCount": 5,
      "thumbSize": 18,
      "showBorder": true,
      "showText": true,
      "showPercentage": true,
      "showButtons": true
    },
    {
      "name": "Slate Gray",
      "description": "Professional slate gray theme",
      "baseColor": "#546e7a",
      "borderColor": "#455a64",
      "textColor": "#ffffff",
      "hoverColor": "#607d8b",
      "pressedColor": "#455a64",
      "disabledColor": "#78909c",
      "gradientType": "solid",
      "cornerRadius": 2,
      "shadowEnabled": false,
      "shadowColor": "#37474f",
      "shadowBlur": 0,
      "shadowOffsetX": 0,
      "shadowOffsetY": 0,
      "backgroundColor": "#455a64",
      "progressColor": "#4fc3f7",
      "thumbColor": "#ffffff",
      "trackColor": "#546e7a",
      "fontSize": 11,
      "fontStyle": "normal",
      "alignment": "left",
      "boxSize": 14,
      "boxColor": "#4fc3f7",
      "checkColor": "#ffffff",
      "focusColor": "#4fc3f7",
      "arrowColor": "#ffffff",
      "dropDownColor": "#455a64",
      "selectedColor": "#4fc3f7",
      "selectedTextColor": "#ffffff",
      "captionColor": "#ffffff",
      "fontColor": "#ffffff",
      "placeholderColor": "#78909c",
      "thumbHoverColor": "#81d4fa",
      "thumbPressedColor": "#37474f",
      "successColor": "#4caf50",
      "warningColor": "#ff9800",
      "shadowOffset": 0,
      "itemHeight": 18,
      "segmentCount": 3,
      "thumbSize": 14,
      "showBorder": true,
      "showText": true,
      "showPercentage": true,
      "showButtons": true
    },
    {
      "name": "Teal Ocean",
      "description": "Deep teal ocean theme",
      "baseColor": "#00695c",
      "borderColor": "#004d40",
      "textColor": "#ffffff",
      "hoverColor": "#00796b",
      "pressedColor": "#004d40",
      "disabledColor": "#4db6ac",
      "gradientType": "linear",
      "cornerRadius": 8,
      "shadowEnabled": true,
      "shadowColor": "#00251a",
      "shadowBlur": 12,
      "shadowOffsetX": 2,
      "shadowOffsetY": 2,
      "backgroundColor": "#004d40",
      "progressColor": "#26a69a",
      "thumbColor": "#ffffff",
      "trackColor": "#00695c",
      "fontSize": 12,
      "fontStyle": "normal",
      "alignment": "center",
      "boxSize": 16,
      "boxColor": "#26a69a",
      "checkColor": "#ffffff",
      "focusColor": "#26a69a",
      "arrowColor": "#ffffff",
      "dropDownColor": "#004d40",
      "selectedColor": "#26a69a",
      "selectedTextColor": "#ffffff",
      "captionColor": "#ffffff",
      "fontColor": "#ffffff",
      "placeholderColor": "#4db6ac",
      "thumbHoverColor": "#4db6ac",
      "thumbPressedColor": "#004d40",
      "successColor": "#4caf50",
      "warningColor": "#ff9800",
      "shadowOffset": 1,
      "itemHeight": 20,
      "segmentCount": 4,
      "thumbSize": 16,
      "showBorder": true,
      "showText": true,
      "showPercentage": true,
      "showButtons": true
    },
    {
      "name": "Ruby Red",
      "description": "Precious ruby red theme",
      "baseColor": "#c62828",
      "borderColor": "#b71c1c",
      "textColor": "#ffffff",
      "hoverColor": "#d32f2f",
      "pressedColor": "#b71c1c",
      "disabledColor": "#ef9a9a",
      "gradientType": "linear",
      "cornerRadius": 8,
      "shadowEnabled": true,
      "shadowColor": "#8e0000",
      "shadowBlur": 10,
      "shadowOffsetX": 2,
      "shadowOffsetY": 2,
      "backgroundColor": "#b71c1c",
      "progressColor": "#e53935",
      "thumbColor": "#ffffff",
      "trackColor": "#c62828",
      "fontSize": 12,
      "fontStyle": "bold",
      "alignment": "center",
      "boxSize": 16,
      "boxColor": "#e53935",
      "checkColor": "#ffffff",
      "focusColor": "#e53935",
      "arrowColor": "#ffffff",
      "dropDownColor": "#b71c1c",
      "selectedColor": "#e53935",
      "selectedTextColor": "#ffffff",
      "captionColor": "#ffffff",
      "fontColor": "#ffffff",
      "placeholderColor": "#ef9a9a",
      "thumbHoverColor": "#ef5350",
      "thumbPressedColor": "#8e0000",
      "successColor": "#4caf50",
      "warningColor": "#ff9800",
      "shadowOffset": 2,
      "itemHeight": 20,
      "segmentCount": 4,
      "thumbSize": 16,
      "showBorder": true,
      "showText": true,
      "showPercentage": true,
      "showButtons": true
    },
    {
      "name": "Sky Blue",
      "description": "Clear sky blue theme",
      "baseColor": "#039be5",
      "borderColor": "#0288d1",
      "textColor": "#ffffff",
      "hoverColor": "#03a9f4",
      "pressedColor": "#0288d1",
      "disabledColor": "#81d4fa",
      "gradientType": "linear",
      "cornerRadius": 6,
      "shadowEnabled": true,
      "shadowColor": "#01579b",
      "shadowBlur": 8,
      "shadowOffsetX": 1,
      "shadowOffsetY": 1,
      "backgroundColor": "#0288d1",
      "progressColor": "#29b6f6",
      "thumbColor": "#ffffff",
      "trackColor": "#039be5",
      "fontSize": 11,
      "fontStyle": "normal",
      "alignment": "left",
      "boxSize": 14,
      "boxColor": "#29b6f6",
      "checkColor": "#ffffff",
      "focusColor": "#29b6f6",
      "arrowColor": "#ffffff",
      "dropDownColor": "#0288d1",
      "selectedColor": "#29b6f6",
      "selectedTextColor": "#ffffff",
      "captionColor": "#ffffff",
      "fontColor": "#ffffff",
      "placeholderColor": "#81d4fa",
      "thumbHoverColor": "#4fc3f7",
      "thumbPressedColor": "#01579b",
      "successColor": "#4caf50",
      "warningColor": "#ff9800",
      "shadowOffset": 1,
      "itemHeight": 18,
      "segmentCount": 3,
      "thumbSize": 14,
      "showBorder": true,
      "showText": true,
      "showPercentage": true,
      "showButtons": true
    },
    {
      "name": "Emerald Green",
      "description": "Rich emerald green theme",
      "baseColor": "#2e7d32",
      "borderColor": "#1b5e20",
      "textColor": "#ffffff",
      "hoverColor": "#388e3c",
      "pressedColor": "#1b5e20",
      "disabledColor": "#a5d6a7",
      "gradientType": "radial",
      "cornerRadius": 10,
      "shadowEnabled": true,
      "shadowColor": "#1b5e20",
      "shadowBlur": 15,
      "shadowOffsetX": 2,
      "shadowOffsetY": 2,
      "backgroundColor": "#1b5e20",
      "progressColor": "#4caf50",
      "thumbColor": "#ffffff",
      "trackColor": "#2e7d32",
      "fontSize": 13,
      "fontStyle": "bold",
      "alignment": "center",
      "boxSize": 18,
      "boxColor": "#4caf50",
      "checkColor": "#ffffff",
      "focusColor": "#4caf50",
      "arrowColor": "#ffffff",
      "dropDownColor": "#1b5e20",
      "selectedColor": "#4caf50",
      "selectedTextColor": "#ffffff",
      "captionColor": "#ffffff",
      "fontColor": "#ffffff",
      "placeholderColor": "#a5d6a7",
      "thumbHoverColor": "#66bb6a",
      "thumbPressedColor": "#1b5e20",
      "successColor": "#4caf50",
      "warningColor": "#ff9800",
      "shadowOffset": 2,
      "itemHeight": 22,
      "segmentCount": 5,
      "thumbSize": 18,
      "showBorder": true,
      "showText": true,
      "showPercentage": true,
      "showButtons": true
    },
    {
      "name": "Coral Orange",
      "description": "Warm coral orange theme",
      "baseColor": "#ff5722",
      "borderColor": "#e64a19",
      "textColor": "#ffffff",
      "hoverColor": "#ff7043",
      "pressedColor": "#e64a19",
      "disabledColor": "#ffab91",
      "gradientType": "linear",
      "cornerRadius": 8,
      "shadowEnabled": true,
      "shadowColor": "#d84315",
      "shadowBlur": 10,
      "shadowOffsetX": 2,
      "shadowOffsetY": 2,
      "backgroundColor": "#e64a19",
      "progressColor": "#ff6e40",
      "thumbColor": "#ffffff",
      "trackColor": "#ff5722",
      "fontSize": 12,
      "fontStyle": "bold",
      "alignment": "center",
      "boxSize": 16,
      "boxColor": "#ff6e40",
      "checkColor": "#ffffff",
      "focusColor": "#ff6e40",
      "arrowColor": "#ffffff",
      "dropDownColor": "#e64a19",
      "selectedColor": "#ff6e40",
      "selectedTextColor": "#ffffff",
      "captionColor": "#ffffff",
      "fontColor": "#ffffff",
      "placeholderColor": "#ffab91",
      "thumbHoverColor": "#ff8a65",
      "thumbPressedColor": "#d84315",
      "successColor": "#4caf50",
      "warningColor": "#ff9800",
      "shadowOffset": 2,
      "itemHeight": 20,
      "segmentCount": 4,
      "thumbSize": 16,
      "showBorder": true,
      "showText": true,
      "showPercentage": true,
      "showButtons": true
    },
    {
      "name": "Lavender Purple",
      "description": "Soft lavender purple theme",
      "baseColor": "#9c27b0",
      "borderColor": "#7b1fa2",
      "textColor": "#ffffff",
      "hoverColor": "#ab47bc",
      "pressedColor": "#7b1fa2",
      "disabledColor": "#e1bee7",
      "gradientType": "linear",
      "cornerRadius": 8,
      "shadowEnabled": true,
      "shadowColor": "#4a148c",
      "shadowBlur": 8,
      "shadowOffsetX": 1,
      "shadowOffsetY": 1,
      "backgroundColor": "#7b1fa2",
      "progressColor": "#ba68c8",
      "thumbColor": "#ffffff",
      "trackColor": "#9c27b0",
      "fontSize": 11,
      "fontStyle": "normal",
      "alignment": "left",
      "boxSize": 14,
      "boxColor": "#ba68c8",
      "checkColor": "#ffffff",
      "focusColor": "#ba68c8",
      "arrowColor": "#ffffff",
      "dropDownColor": "#7b1fa2",
      "selectedColor": "#ba68c8",
      "selectedTextColor": "#ffffff",
      "captionColor": "#ffffff",
      "fontColor": "#ffffff",
      "placeholderColor": "#e1bee7",
      "thumbHoverColor": "#ce93d8",
      "thumbPressedColor": "#4a148c",
      "successColor": "#4caf50",
      "warningColor": "#ff9800",
      "shadowOffset": 1,
      "itemHeight": 18,
      "segmentCount": 3,
      "thumbSize": 14,
      "showBorder": true,
      "showText": true,
      "showPercentage": true,
      "showButtons": true
    },
    {
      "name": "Bronze Metal",
      "description": "Metallic bronze theme",
      "baseColor": "#8d6e63",
      "borderColor": "#6d4c41",
      "textColor": "#ffffff",
      "hoverColor": "#a1887f",
      "pressedColor": "#6d4c41",
      "disabledColor": "#bcaaa4",
      "gradientType": "linear",
      "cornerRadius": 6,
      "shadowEnabled": true,
      "shadowColor": "#4e342e",
      "shadowBlur": 8,
      "shadowOffsetX": 2,
      "shadowOffsetY": 2,
      "backgroundColor": "#6d4c41",
      "progressColor": "#8d6e63",
      "thumbColor": "#ffffff",
      "trackColor": "#8d6e63",
      "fontSize": 12,
      "fontStyle": "normal",
      "alignment": "center",
      "boxSize": 16,
      "boxColor": "#8d6e63",
      "checkColor": "#ffffff",
      "focusColor": "#8d6e63",
      "arrowColor": "#ffffff",
      "dropDownColor": "#6d4c41",
      "selectedColor": "#8d6e63",
      "selectedTextColor": "#ffffff",
      "captionColor": "#ffffff",
      "fontColor": "#ffffff",
      "placeholderColor": "#bcaaa4",
      "thumbHoverColor": "#a1887f",
      "thumbPressedColor": "#4e342e",
      "successColor": "#4caf50",
      "warningColor": "#ff9800",
      "shadowOffset": 2,
      "itemHeight": 20,
      "segmentCount": 4,
      "thumbSize": 16,
      "showBorder": true,
      "showText": true,
      "showPercentage": true,
      "showButtons": true
    },
    {
      "name": "Silver Chrome",
      "description": "Modern silver chrome theme",
      "baseColor": "#9e9e9e",
      "borderColor": "#757575",
      "textColor": "#000000",
      "hoverColor": "#bdbdbd",
      "pressedColor": "#757575",
      "disabledColor": "#e0e0e0",
      "gradientType": "linear",
      "cornerRadius": 4,
      "shadowEnabled": true,
      "shadowColor": "#424242",
      "shadowBlur": 6,
      "shadowOffsetX": 1,
      "shadowOffsetY": 1,
      "backgroundColor": "#bdbdbd",
      "progressColor": "#9e9e9e",
      "thumbColor": "#ffffff",
      "trackColor": "#757575",
      "fontSize": 11,
      "fontStyle": "normal",
      "alignment": "left",
      "boxSize": 14,
      "boxColor": "#9e9e9e",
      "checkColor": "#000000",
      "focusColor": "#9e9e9e",
      "arrowColor": "#000000",
      "dropDownColor": "#757575",
      "selectedColor": "#9e9e9e",
      "selectedTextColor": "#000000",
      "captionColor": "#000000",
      "fontColor": "#000000",
      "placeholderColor": "#e0e0e0",
      "thumbHoverColor": "#bdbdbd",
      "thumbPressedColor": "#424242",
      "successColor": "#4caf50",
      "warningColor": "#ff9800",
      "shadowOffset": 1,
      "itemHeight": 18,
      "segmentCount": 3,
      "thumbSize": 14,
      "showBorder": true,
      "showText": true,
      "showPercentage": true,
      "showButtons": true
    },
    {
      "name": "Rose Pink",
      "description": "Delicate rose pink theme",
      "baseColor": "#e91e63",
      "borderColor": "#c2185b",
      "textColor": "#ffffff",
      "hoverColor": "#f06292",
      "pressedColor": "#c2185b",
      "disabledColor": "#f8bbd0",
      "gradientType": "linear",
      "cornerRadius": 8,
      "shadowEnabled": true,
      "shadowColor": "#880e4f",
      "shadowBlur": 10,
      "shadowOffsetX": 2,
      "shadowOffsetY": 2,
      "backgroundColor": "#c2185b",
      "progressColor": "#f06292",
      "thumbColor": "#ffffff",
      "trackColor": "#e91e63",
      "fontSize": 12,
      "fontStyle": "bold",
      "alignment": "center",
      "boxSize": 16,
      "boxColor": "#f06292",
      "checkColor": "#ffffff",
      "focusColor": "#f06292",
      "arrowColor": "#ffffff",
      "dropDownColor": "#c2185b",
      "selectedColor": "#f06292",
      "selectedTextColor": "#ffffff",
      "captionColor": "#ffffff",
      "fontColor": "#ffffff",
      "placeholderColor": "#f8bbd0",
      "thumbHoverColor": "#f48fb1",
      "thumbPressedColor": "#880e4f",
      "successColor": "#4caf50",
      "warningColor": "#ff9800",
      "shadowOffset": 2,
      "itemHeight": 20,
      "segmentCount": 4,
      "thumbSize": 16,
      "showBorder": true,
      "showText": true,
      "showPercentage": true,
      "showButtons": true
    },
    {
      "name": "Indigo Night",
      "description": "Deep indigo night theme",
      "baseColor": "#303f9f",
      "borderColor": "#283593",
      "textColor": "#ffffff",
      "hoverColor": "#3949ab",
      "pressedColor": "#283593",
      "disabledColor": "#9fa8da",
      "gradientType": "radial",
      "cornerRadius": 10,
      "shadowEnabled": true,
      "shadowColor": "#1a237e",
      "shadowBlur": 15,
      "shadowOffsetX": 2,
      "shadowOffsetY": 2,
      "backgroundColor": "#283593",
      "progressColor": "#5c6bc0",
      "thumbColor": "#ffffff",
      "trackColor": "#303f9f",
      "fontSize": 13,
      "fontStyle": "bold",
      "alignment": "center",
      "boxSize": 18,
      "boxColor": "#5c6bc0",
      "checkColor": "#ffffff",
      "focusColor": "#5c6bc0",
      "arrowColor": "#ffffff",
      "dropDownColor": "#283593",
      "selectedColor": "#5c6bc0",
      "selectedTextColor": "#ffffff",
      "captionColor": "#ffffff",
      "fontColor": "#ffffff",
      "placeholderColor": "#9fa8da",
      "thumbHoverColor": "#7986cb",
      "thumbPressedColor": "#1a237e",
      "successColor": "#4caf50",
      "warningColor": "#ff9800",
      "shadowOffset": 2,
      "itemHeight": 22,
      "segmentCount": 5,
      "thumbSize": 18,
      "showBorder": true,
      "showText": true,
      "showPercentage": true,
      "showButtons": true
    }
  ],
  "customThemes": [
    {
      "name": "Cyberpunk",
      "description": "Futuristic cyberpunk theme with neon colors",
      "baseColor": "#00ff41",
      "borderColor": "#ff00ff",
      "textColor": "#ffffff",
      "hoverColor": "#00ffff",
      "pressedColor": "#ff0080",
      "disabledColor": "#666666",
      "gradientType": "radial",
      "cornerRadius": 12,
      "shadowEnabled": true,
      "shadowColor": "#ff00ff",
      "shadowBlur": 25,
      "shadowOffsetX": 0,
      "shadowOffsetY": 0,
      "backgroundColor": "#0a0a0a",
      "progressColor": "#00ff41",
      "thumbColor": "#00ffff",
      "trackColor": "#1a1a1a",
      "fontSize": 14,
      "fontStyle": "bold",
      "alignment": "center",
      "boxSize": 20,
      "boxColor": "#00ff41",
      "checkColor": "#000000",
      "focusColor": "#00ffff",
      "arrowColor": "#ffffff",
      "dropDownColor": "#1a1a1a",
      "selectedColor": "#ff00ff",
      "selectedTextColor": "#ffffff",
      "captionColor": "#00ff41",
      "fontColor": "#ffffff",
      "placeholderColor": "#888888",
      "thumbHoverColor": "#00ffff",
      "thumbPressedColor": "#ff0080",
      "successColor": "#00ff41",
      "warningColor": "#ffaa00",
      "shadowOffset": 0,
      "itemHeight": 24,
      "segmentCount": 8,
      "thumbSize": 20,
      "showBorder": true,
      "showText": true,
      "showPercentage": true,
      "showButtons": true
    },
    {
      "name": "Matrix",
      "description": "Matrix green digital rain theme",
      "baseColor": "#00ff00",
      "borderColor": "#008800",
      "textColor": "#00ff00",
      "hoverColor": "#00ff88",
      "pressedColor": "#00aa00",
      "disabledColor": "#004400",
      "gradientType": "linear",
      "cornerRadius": 6,
      "shadowEnabled": true,
      "shadowColor": "#00ff00",
      "shadowBlur": 15,
      "shadowOffsetX": 2,
      "shadowOffsetY": 2,
      "backgroundColor": "#000000",
      "progressColor": "#00ff00",
      "thumbColor": "#00ff00",
      "trackColor": "#001100",
      "fontSize": 12,
      "fontStyle": "bold",
      "alignment": "left",
      "boxSize": 16,
      "boxColor": "#00ff00",
      "checkColor": "#000000",
      "focusColor": "#00ff88",
      "arrowColor": "#00ff00",
      "dropDownColor": "#001100",
      "selectedColor": "#00ff00",
      "selectedTextColor": "#000000",
      "captionColor": "#00ff00",
      "fontColor": "#00ff00",
      "placeholderColor": "#008800",
      "thumbHoverColor": "#00ff88",
      "thumbPressedColor": "#00aa00",
      "successColor": "#00ff00",
      "warningColor": "#ffaa00",
      "shadowOffset": 2,
      "itemHeight": 20,
      "segmentCount": 4,
      "thumbSize": 16,
      "showBorder": true,
      "showText": true,
      "showPercentage": true,
      "showButtons": true
    },
    {
      "name": "Fire",
      "description": "Hot fire theme with flames",
      "baseColor": "#ff4500",
      "borderColor": "#cc0000",
      "textColor": "#ffffff",
      "hoverColor": "#ff6600",
      "pressedColor": "#cc0000",
      "disabledColor": "#ff8888",
      "gradientType": "radial",
      "cornerRadius": 8,
      "shadowEnabled": true,
      "shadowColor": "#ff0000",
      "shadowBlur": 20,
      "shadowOffsetX": 3,
      "shadowOffsetY": 3,
      "backgroundColor": "#330000",
      "progressColor": "#ff6600",
      "thumbColor": "#ffaa00",
      "trackColor": "#ff4500",
      "fontSize": 13,
      "fontStyle": "bold",
      "alignment": "center",
      "boxSize": 18,
      "boxColor": "#ff6600",
      "checkColor": "#ffffff",
      "focusColor": "#ffaa00",
      "arrowColor": "#ffffff",
      "dropDownColor": "#cc0000",
      "selectedColor": "#ff6600",
      "selectedTextColor": "#ffffff",
      "captionColor": "#ffffff",
      "fontColor": "#ffffff",
      "placeholderColor": "#ff8888",
      "thumbHoverColor": "#ff8800",
      "thumbPressedColor": "#cc0000",
      "successColor": "#00ff00",
      "warningColor": "#ffaa00",
      "shadowOffset": 3,
      "itemHeight": 22,
      "segmentCount": 6,
      "thumbSize": 18,
      "showBorder": true,
      "showText": true,
      "showPercentage": true,
      "showButtons": true
    },
    {
      "name": "Ice",
      "description": "Cool ice theme with frozen colors",
      "baseColor": "#87ceeb",
      "borderColor": "#4682b4",
      "textColor": "#ffffff",
      "hoverColor": "#b0e0e6",
      "pressedColor": "#4682b4",
      "disabledColor": "#d3d3d3",
      "gradientType": "linear",
      "cornerRadius": 10,
      "shadowEnabled": true,
      "shadowColor": "#4682b4",
      "shadowBlur": 12,
      "shadowOffsetX": 1,
      "shadowOffsetY": 1,
      "backgroundColor": "#f0f8ff",
      "progressColor": "#87ceeb",
      "thumbColor": "#ffffff",
      "trackColor": "#b0e0e6",
      "fontSize": 11,
      "fontStyle": "normal",
      "alignment": "center",
      "boxSize": 16,
      "boxColor": "#87ceeb",
      "checkColor": "#ffffff",
      "focusColor": "#b0e0e6",
      "arrowColor": "#4682b4",
      "dropDownColor": "#d3d3d3",
      "selectedColor": "#87ceeb",
      "selectedTextColor": "#ffffff",
      "captionColor": "#4682b4",
      "fontColor": "#4682b4",
      "placeholderColor": "#a9a9a9",
      "thumbHoverColor": "#b0e0e6",
      "thumbPressedColor": "#4682b4",
      "successColor": "#00ff00",
      "warningColor": "#ffa500",
      "shadowOffset": 1,
      "itemHeight": 18,
      "segmentCount": 4,
      "thumbSize": 16,
      "showBorder": true,
      "showText": true,
      "showPercentage": true,
      "showButtons": true
    },
    {
      "name": "Acid",
      "description": "Psychedelic acid theme with vibrant colors",
      "baseColor": "#ff00ff",
      "borderColor": "#00ff00",
      "textColor": "#ffff00",
      "hoverColor": "#00ffff",
      "pressedColor": "#ff0080",
      "disabledColor": "#808080",
      "gradientType": "conic",
      "cornerRadius": 15,
      "shadowEnabled": true,
      "shadowColor": "#ff00ff",
      "shadowBlur": 30,
      "shadowOffsetX": 0,
      "shadowOffsetY": 0,
      "backgroundColor": "#000000",
      "progressColor": "#00ff00",
      "thumbColor": "#ffff00",
      "trackColor": "#ff00ff",
      "fontSize": 14,
      "fontStyle": "bold",
      "alignment": "center",
      "boxSize": 20,
      "boxColor": "#00ff00",
      "checkColor": "#000000",
      "focusColor": "#00ffff",
      "arrowColor": "#ffff00",
      "dropDownColor": "#ff0080",
      "selectedColor": "#ff00ff",
      "selectedTextColor": "#000000",
      "captionColor": "#ffff00",
      "fontColor": "#ffff00",
      "placeholderColor": "#ff00ff",
      "thumbHoverColor": "#00ffff",
      "thumbPressedColor": "#ff0080",
      "successColor": "#00ff00",
      "warningColor": "#ffff00",
      "shadowOffset": 0,
      "itemHeight": 26,
      "segmentCount": 10,
      "thumbSize": 20,
      "showBorder": true,
      "showText": true,
      "showPercentage": true,
      "showButtons": true
    }
  ]
}
